,Source,Month,Brand,Model,ENERGY LABEL EU,NOFROST SYSTEM,NET LTRS.,Quantity,PriceUSD,Elasticity,cluster_kmean_nd_9,cluster_kmean_t_sne,cluster_ier_centr_cos_7,cluster_ier_t_sne
0,Traditional Sales,2018-01-01,INDESIT,TIAA 14,3,0,245,782.6666666666666,231.12113986766664,-11.815988164088374,7,7,1,5
1,Traditional Sales,2018-01-01,WHIRLPOOL,BSNF 9121 OX,3,1,349,382.47499999999997,501.6335889071667,-0.31287252176737357,5,7,1,5
2,Traditional Sales,2018-01-01,LG,GA-B429SECZ,4,1,302,573.2125315235834,522.0338181716667,2.804368738538304,5,7,6,5
3,Traditional Sales,2018-01-01,SAMSUNG,RB37J5000SA/UA,3,1,367,857.76859712475,609.7105148295833,-0.5048158728858398,5,7,1,5
4,Traditional Sales,2018-01-01,SAMSUNG,RB37J5000EF/UA,3,1,367,441.4951668695833,610.1656903129167,0.45547181215691257,5,7,1,5
5,Traditional Sales,2018-01-01,INDESIT,LI7 S1 W,3,0,307,538.3333333333334,309.7459924131667,-4.170003331004921,7,7,1,5
6,Traditional Sales,2018-01-01,BOSCH,KGN39VL306,4,1,366,558.7843384392501,562.9435876571666,0.033115401766474095,5,7,1,5
7,Traditional Sales,2018-01-01,SAMSUNG,RB33J3000SA,3,1,328,532.8208333333333,536.6065962111667,-2.767178115447213,5,7,1,5
8,Traditional Sales,2018-01-01,LG,GA-B429SEQZ,4,1,302,581.8521909755833,543.34045198,-1.4231142022100745,5,7,1,5
9,Traditional Sales,2018-01-01,ELENBERG,MRF-145,3,0,130,202.91674242424997,150.96294326408335,-0.3749226769859364,9,2,7,2
10,Traditional Sales,2018-01-01,INDESIT,LI6 S1 W,3,0,271,280.1666666666667,285.6512679568333,-1.906452131335739,7,2,1,3
11,Traditional Sales,2018-01-01,DELFA,BCD-138,3,0,138,241.74277777783337,155.73858683433332,3.7727022787142253,6,2,6,2
12,Traditional Sales,2018-01-01,SAMSUNG,RB37J5220SA,3,1,367,297.6666666666667,637.9625131348333,-0.7487854432913696,5,7,1,5
13,Traditional Sales,2018-01-01,LG,GA-B 389 SMQZ,4,1,261,218.17447632908332,492.71790913391675,0.8253590044418173,6,7,6,5
15,Traditional Sales,2018-01-01,WHIRLPOOL,BSNF 8121 W,3,1,316,207.99305555558337,453.44149096558334,-0.25111066880849087,3,7,1,5
16,Traditional Sales,2018-01-01,LG,GA-B429SMQZ,4,1,302,309.7383020866667,550.39704318475,1.8832138942017838,6,7,6,5
17,Traditional Sales,2018-01-01,ATLANT,XM-6025 100,3,0,384,224.42739231583334,376.44390370841666,2.6353963755333205,6,7,6,5
18,Traditional Sales,2018-01-01,ELENBERG,MRF-220,3,0,205,217.5,163.81146188258333,3.8579162225405113,6,2,6,3
19,Traditional Sales,2018-01-01,LG,GA-B429SMCZ,4,1,302,261.8170424575,521.2896966620833,-1.165967761956626,2,7,1,5
20,Traditional Sales,2018-01-01,WHIRLPOOL,BSNF 8121 OX,3,1,319,54.525,477.79778755983335,-0.37790387863241603,3,5,3,7
21,Traditional Sales,2018-01-01,SAMSUNG,RB30J3000SA,3,1,311,58.58888888891667,460.80644300750004,2.8765037537221874,6,5,6,7
22,Traditional Sales,2018-01-01,INDESIT,DF 4181 X,3,1,298,312.9166666666667,413.12239847225004,0.586153659022479,6,7,1,5
23,Traditional Sales,2018-01-01,ATLANT,MXM-2835-95,3,0,272,260.9877758455,261.4478227484166,3.485003917770562,6,2,6,3
24,Traditional Sales,2018-01-01,SAMSUNG,RB29FSRNDSA/UA,3,1,290,207.49726973025,474.2484899515833,1.415130542139773,6,7,6,5
25,Traditional Sales,2018-01-01,INDESIT,LI9 S1Q X,3,0,369,298.1666666666667,391.45997442491665,-2.384390316953927,7,7,1,5
26,Traditional Sales,2018-01-01,ATLANT,XM-6325-101,3,0,349,142.55833333333334,380.0713891203334,0.9634379006629974,6,4,6,1
27,Traditional Sales,2018-01-01,INDESIT,LI8 S1 X,3,0,303,121.58333333333333,343.81962579291667,-0.13785868344564117,4,4,7,1
28,Traditional Sales,2018-01-01,BEKO,RCSK335M20W,3,0,331,118.0,310.78898767925,-0.5363677702014595,4,4,7,1
29,Traditional Sales,2018-01-01,DELFA,DBFH-170,3,0,240,169.25444444441666,223.67765435191666,-1.5515484258637668,9,2,7,3
30,Traditional Sales,2018-01-01,INDESIT,LI9 S1Q W,3,0,369,238.41666666666666,354.2155186039167,-0.20888020288065579,4,7,7,5
31,Traditional Sales,2018-01-01,WHIRLPOOL,BSNF 9121 W,3,1,349,166.82083333333333,476.7400781828333,0.6910267268441357,3,7,6,5
32,Traditional Sales,2018-01-01,ELENBERG,MRF-221-O,3,0,205,111.02870013291668,166.29778484866665,-1.0070249881604556,9,2,7,3
33,Traditional Sales,2018-01-01,SAMSUNG,RB37J5340SL,3,1,367,150.5,678.5833395240834,-0.5252926944736266,3,7,1,5
34,Traditional Sales,2018-01-01,BOSCH,KGN39VW306,4,1,366,242.72479698075003,573.7816890836666,-1.7505116449253706,2,7,1,5
35,Traditional Sales,2018-01-01,DELFA,DMF-83,3,0,90,297.3958333333333,121.70921697624999,-2.6701983056580243,7,2,7,2
36,Traditional Sales,2018-01-01,BEKO,RCNK310E20S,3,1,276,70.345,364.54349756709996,0.5634876055473156,3,3,3,9
37,Traditional Sales,2018-01-01,ZANUSSI,ZRB36102WA,3,0,332,85.96666666666665,309.8789383455833,-0.40274163635013066,4,4,7,1
38,Traditional Sales,2018-01-01,DELFA,DTFH-140,3,0,212,293.49944444441667,172.473680676,0.01870640557887926,6,2,7,3
39,Traditional Sales,2018-01-01,ELENBERG,MRF-206,3,0,194,141.58333333333334,202.50755465199998,-0.99255243445082,9,2,7,3
40,Traditional Sales,2018-01-01,SAMSUNG,RB33J3000EF/UA,3,1,328,130.5,526.1154609782501,-0.7767959647093037,3,7,1,5
41,Traditional Sales,2018-01-01,SAMSUNG,RB 37 J 5220 EF,3,1,367,211.33333333333334,633.3209030640834,-1.3132080318634238,3,7,1,5
42,Traditional Sales,2018-01-01,INDESIT,LI8 S1 W,3,0,339,105.5,342.62860433508337,-0.05350201207811878,4,4,7,1
43,Traditional Sales,2018-01-01,ATLANT,XM 4012-100,3,0,320,149.8300760345,305.3660989895834,1.2791370710758343,6,4,6,1
44,Traditional Sales,2018-01-01,ATLANT,XM 4023-100,3,0,340,123.3,322.1692878631667,-0.9821016049470582,4,4,7,1
45,Traditional Sales,2018-01-01,SAMSUNG,RB29FSRNDSA,3,1,290,57.95,480.6392535199,2.7391632281851903,6,5,6,7
46,Traditional Sales,2018-01-01,WHIRLPOOL,BSNF9151OX,3,1,346,46.66674242425,551.3627042953334,0.3788871962845768,3,5,3,7
47,Traditional Sales,2018-01-01,ATLANT,XM 4712-100,3,0,288,146.41666666666666,306.62310401891665,1.8778823331192391,6,4,6,1
48,Traditional Sales,2018-01-01,INDESIT,NBS 18 AA,3,0,318,50.024404761916664,281.775702669,-1.1981668609399985,4,4,7,1
49,Traditional Sales,2018-01-01,BEKO,RDSA240K20S,3,0,223,102.25,242.70386492716668,0.37813643103095224,9,2,7,3
50,Traditional Sales,2018-01-01,SAMSUNG,RB31FSRNDSA/UA,3,1,310,148.0199032628333,533.3036732458332,2.0314139506140068,6,7,6,5
51,Traditional Sales,2018-01-01,ZANUSSI,ZRT23100WA,3,0,223,88.6875,232.32717913558335,0.6692048886809995,9,2,7,3
52,Traditional Sales,2018-01-01,INDESIT,LI8 FF2 W,4,1,301,92.0,394.31349415641665,0.9881663609486138,2,3,4,9
53,Traditional Sales,2018-01-01,ATLANT,MXM-2808-95,3,0,255,208.15277777775,256.7863247328333,5.517988612534032,6,2,6,3
54,Traditional Sales,2018-01-01,SAMSUNG,RB31FSRNDEF,3,1,310,159.11610012183337,522.8224479055833,1.3806842594204525,6,7,6,5
55,Traditional Sales,2018-01-01,VESTFROST,CNF 186 ZW,3,1,324,193.33333333333334,375.66921534425,-2.1751834925455062,3,4,1,9
56,Traditional Sales,2018-01-01,INDESIT,LR6 S1 W,3,0,271,102.66190476191666,289.0129074678333,-0.6385844050398424,4,4,7,1
57,Traditional Sales,2018-01-01,LG,GA-B499YLUZ,4,1,360,246.55365462300003,609.4541500214167,-4.422547135956992,7,7,1,5
58,Traditional Sales,2018-01-01,LG,GA-B429SQCZ,4,1,302,123.91676878641665,522.9391242115832,2.056105790671241,6,7,4,5
59,Traditional Sales,2018-01-01,WHIRLPOOL,BSNF9152W,4,1,346,103.66666666666667,518.5753678073334,0.38380467884216596,2,7,4,5
60,Traditional Sales,2018-01-01,SNAIGE,RF 35 SM-S10021,3,0,310,124.42339724150001,328.90415776158335,-0.21377021381129424,4,4,7,1
61,Traditional Sales,2018-01-01,CANDY,CCBS 6182W,3,0,300,31.631999999999998,290.44351983969995,-1.020820808379544,4,3,7,9
62,Traditional Sales,2018-01-01,CANDY,CCTOS 502 WH,3,0,97,174.6583333333333,156.4491824365,-2.74244263548779,7,2,7,2
63,Traditional Sales,2018-01-01,WHIRLPOOL,BSNF 9432 K,4,1,349,94.75,568.0531598206667,0.2797122854258657,2,7,4,5
64,Traditional Sales,2018-01-01,SNAIGE,RF36SM-S10021,3,0,321,83.00691204633334,315.99265512908335,0.6709616628557225,4,4,7,1
65,Traditional Sales,2018-01-01,INDESIT,NTS 14 AA,3,0,245,119.46582736825,222.06598296375,-0.9286923623979244,4,2,7,3
66,Traditional Sales,2018-01-01,ELENBERG,MRF 207-O,3,0,197,105.26652053366668,203.45966220741664,0.19548141879526837,9,2,7,3
67,Traditional Sales,2018-01-01,ZANUSSI,ZRT23102WA,3,0,223,39.054545454545455,236.28747592318177,0.5240513266885543,9,4,7,3
68,Traditional Sales,2018-01-01,LG,GN-H702HEHZ,4,1,506,76.23567282691667,768.098690544,-0.3010675291662359,2,6,4,4
69,Traditional Sales,2018-01-01,ATLANT,MXM 2826-95,3,0,293,43.23761111108334,269.07117551983333,-2.345111123027075,4,4,7,1
70,Traditional Sales,2018-01-01,SAMSUNG,RT46K6340S8/UA,3,1,453,90.83333333333333,761.5433146324166,-0.5169884918278731,8,6,2,4
71,Traditional Sales,2018-01-01,ELENBERG,MR 51-O,3,0,47,116.79466971908334,93.19137648066668,0.907586132661982,9,2,7,2
72,Traditional Sales,2018-01-01,ATLANT,XM 4725-101,3,0,349,106.99166666666666,341.0948344555,0.05058897229864168,4,4,7,1
73,Traditional Sales,2018-01-01,VESTFROST,CMR 085 W,3,0,88,128.61111111108332,142.77522263725,3.5171507844500263,6,2,7,2
74,Traditional Sales,2018-01-01,VESTFROST,RF 383 EX,3,1,360,41.0,441.9026432412999,0.4210101625255296,3,3,3,10
75,Traditional Sales,2018-01-01,BOSCH,KGN49XL30G,4,1,435,64.08333333333333,805.3530399970833,0.4627849457580789,2,6,4,4
76,Traditional Sales,2018-01-01,INDESIT,LI80 FF2 W,4,1,301,20.583333333333332,410.57358261400003,-0.5030894768649097,2,8,4,8
77,Traditional Sales,2018-01-01,SAMSUNG,RT46K6340EF/UA,3,1,468,97.66482128033333,751.1688106283333,-0.5955457751914278,8,6,2,4
78,Traditional Sales,2018-01-01,ATLANT,XM-6021-100,3,0,321,55.0389646465,346.71617777483334,-0.44732542319448365,4,3,7,9
79,Traditional Sales,2018-01-01,SNAIGE,FR240-1101AA,3,0,212,70.567590368,231.44504840341665,0.8550180420271287,9,2,7,3
80,Traditional Sales,2018-01-01,GORENJE,RK6191BW,3,0,324,53.166666666666664,365.62639068058337,0.4680743415105484,4,3,7,9
81,Traditional Sales,2018-01-01,ELENBERG,MRF 146-O,3,0,163,118.37908818883334,153.40187085150004,1.1144203426504515,9,2,7,3
82,Traditional Sales,2018-01-01,WHIRLPOOL,BLF 9121 OX,3,0,369,77.31218983791666,395.44829541075,-0.352736674408605,4,3,7,10
83,Traditional Sales,2018-01-01,CANDY,CCDS 5142W,3,0,204,76.02813031408333,210.42170861083332,0.49480515696675204,9,2,7,3
84,Traditional Sales,2018-01-01,BOSCH,KGN36VL306,4,1,324,111.86250000000001,514.6427213776668,0.05577906132876537,2,7,4,5
85,Traditional Sales,2018-01-01,ATLANT,XM 6023-100,3,0,359,122.86033455383334,353.68751442716666,1.0118106485922533,4,4,6,1
86,Traditional Sales,2018-01-01,SNAIGE,RF34SM-S10021,2,0,302,89.1027002165,313.70028573133334,-1.138109592298648,1,4,7,1
87,Traditional Sales,2018-01-01,SAMSUNG,RT53K6330SL/UA,3,1,528,101.11083333333333,830.6726264774167,-0.6821742319407975,8,6,2,4
88,Traditional Sales,2018-01-01,SIEMENS,KG39NXW306,4,1,366,57.072296980750004,640.5602428024167,-0.1892488290831249,2,1,4,6
89,Traditional Sales,2018-01-01,ATLANT,XM 6026-100,3,0,393,82.24387373741668,386.26862982566666,-0.053043878758364416,4,3,7,10
90,Traditional Sales,2018-01-01,INDESIT,DS 3161 W,3,0,269,99.62600937883332,282.38505102558327,1.2953602156718271,6,4,7,1
91,Traditional Sales,2018-01-01,INDESIT,DF 5181 E,3,1,298,17.458333333333332,444.37831014541666,-0.19268759162048754,3,8,3,8
92,Traditional Sales,2018-01-01,ELENBERG,MR 50,3,0,50,72.77499999999999,90.80941096750001,0.07898479404673808,9,2,7,2
93,Traditional Sales,2018-01-01,BOSCH,KGN39XI306,4,1,366,135.8,664.0790093939167,-0.8210225471947146,2,7,4,5
94,Traditional Sales,2018-01-01,LG,GC-B247JMUV,3,1,613,99.26139423075,1029.405655229,-0.43791062924009305,8,6,2,4
95,Traditional Sales,2018-01-01,LG,GA-B 499 YECZ,4,1,360,44.141057609,606.4233328806665,-0.38990168765346045,2,1,4,6
96,Traditional Sales,2018-01-01,GORENJE,RK6191AW,3,0,326,48.54174242425,359.76365333508335,-0.27790887507207174,4,3,7,9
97,Traditional Sales,2018-01-01,LG,GW-B499SEFZ,4,1,339,53.84815157058333,685.3067287787499,-0.08390127065440323,2,1,4,6
98,Traditional Sales,2018-01-01,INDESIT,LI8 FF2 X,4,1,301,28.5,410.09524515974994,-0.08535668471068512,2,8,4,8
99,Traditional Sales,2018-01-01,ELENBERG,MR 84,3,0,85,106.83333333333333,115.49562057316668,-5.071539095058983,7,2,7,2
100,Traditional Sales,2018-01-01,LG,GA-B499YYUZ,4,1,360,71.38052430891666,604.2907484042499,-0.7864537992494274,2,1,4,6
101,Traditional Sales,2018-01-01,SAMSUNG,RT53K6330EF/UA,3,1,528,54.168499583999996,842.0340956968334,-0.25326562665302166,8,6,2,4
102,Traditional Sales,2018-01-01,LG,GC-B247SEUV,3,1,626,100.83340909091667,1031.0573693315835,-0.37701097477040235,8,6,2,4
103,Traditional Sales,2018-01-01,SAMSUNG,RS57K4000SA/EF,3,1,569,56.666666666666664,1002.4931488161666,0.39675395682761977,8,6,2,4
104,Traditional Sales,2018-01-01,GORENJE,RK 6191 EW,3,0,321,48.42368970266666,353.35774631916667,1.137789072826617,4,3,6,9
105,Traditional Sales,2018-01-01,INDESIT,LI 8FF2S,4,1,305,41.083333333333336,426.4481386831667,0.06733082373521868,2,8,4,8
106,Traditional Sales,2018-01-01,WHIRLPOOL,BLF 9121 W,3,0,369,42.917556332416666,378.4388605879167,-0.4830231546289918,4,3,7,10
107,Traditional Sales,2018-01-01,LG,GW-B499SQFZ,4,1,339,68.0225,665.7099577751666,0.257027243661497,2,1,4,6
108,Traditional Sales,2018-01-01,SIEMENS,KG39NVL306,4,1,366,202.16681818183335,602.79404655875,-1.967937262438774,2,7,1,5
109,Traditional Sales,2018-01-01,SAMSUNG,RB37J5000WW/UA,3,1,367,76.01892377066666,602.3921946362499,-0.35305301368950603,3,1,1,6
110,Traditional Sales,2018-01-01,LG,GW-B499SMFZ,4,1,339,54.3525747585,687.5995530366666,-0.11997040361265698,2,1,4,6
111,Traditional Sales,2018-01-01,ATLANT,XM-4025-100,3,0,368,66.44701848083334,338.98706139924997,-0.014281378771233255,4,3,7,9
112,Traditional Sales,2018-01-01,DELFA,SBS-482S,3,1,527,43.416666666666664,547.1488527056666,-0.35154823925114065,8,5,2,7
113,Traditional Sales,2018-01-01,ATLANT,XM 6323-100,3,0,342,63.0,360.4232704631667,1.9520641372201624,6,3,6,9
114,Traditional Sales,2018-01-01,LIEBHERR,CU 3311,4,0,294,54.09166666666667,365.1619893535,0.26746368346495586,4,3,5,9
115,Traditional Sales,2018-01-01,INDESIT,NBS 20 AA,3,0,341,28.96526785716667,310.89360796600005,-0.6978470930975498,4,3,7,9
116,Traditional Sales,2018-01-01,WHIRLPOOL,BLF 8121 W,3,0,339,71.78777841566666,357.52214947216675,0.1990153355643418,4,3,7,9
117,Traditional Sales,2018-01-01,SNAIGE,FR275-1101AA,3,0,258,51.7492325275,254.88701982766668,-0.0658649311114046,4,4,7,1
118,Traditional Sales,2018-01-01,ATLANT,MXM-2819 90/91/95/97,2,0,310,68.08333333333333,277.90732369358335,0.17437512350657566,1,4,7,1
119,Traditional Sales,2018-01-01,INDESIT,LI7 S1 X,3,0,307,78.5,318.31674556075,0.27981831482742325,4,4,7,1
120,Traditional Sales,2018-01-01,DELFA,DTF-140,3,0,210,106.92500000000001,160.8718534275,1.825471093166233,6,2,7,3
121,Traditional Sales,2018-01-01,INDESIT,TIA 16,2,0,296,60.166666666666664,283.7556625496666,0.842467531346059,1,4,7,1
122,Traditional Sales,2018-01-01,SNAIGE,RF35SM-S1RA21,3,0,310,25.82023809525,344.2920036175833,-0.32456915006309334,4,3,7,10
123,Traditional Sales,2018-01-01,LG,GN-H702HMHZ,4,1,507,75.06446669991666,768.17679338375,-0.22790004095156413,2,6,4,4
124,Traditional Sales,2018-01-01,ATLANT,XM 4021-100,3,0,326,30.856061685416666,299.1740552928333,0.49460348951090405,4,3,7,9
125,Traditional Sales,2018-01-01,SNAIGE,RF360-1801AA,3,0,321,25.080075757583334,290.2691701683333,-0.466544603505227,4,3,7,9
126,Traditional Sales,2018-01-01,ZANUSSI,ZRT27101WA,3,0,265,45.416666666666664,268.6046136383333,1.0751486787763411,4,4,7,1
127,Traditional Sales,2018-01-01,SAMSUNG,RB33J3320EF,3,1,328,51.85833333333333,574.7363180628332,0.028577161324224498,3,5,3,7
128,Traditional Sales,2018-01-01,ERGO,MR-130,3,0,138,71.16795823508333,161.9442071773333,2.2006023088594944,6,2,7,2
129,Traditional Sales,2018-01-01,VESTFROST,RF 373 EX,3,1,324,13.666666666666666,422.8719892665556,0.2910935431213335,3,8,3,8
130,Traditional Sales,2018-01-01,SHARP,SJT1227 M4WEU,3,0,227,20.50335227275,212.215356721,-0.2429823609112005,9,4,7,3
131,Traditional Sales,2018-01-01,INDESIT,LI8 FF2 K,4,1,301,16.545454545454547,427.9697482177273,-0.12692176922110207,2,8,4,8
132,Traditional Sales,2018-01-01,WHIRLPOOL,BLF 8121 OX,3,0,339,45.12422580183334,385.9330073179999,0.022456649667555353,4,3,7,10
133,Traditional Sales,2018-01-01,BEKO,RCSU8270K20W,3,0,262,30.897297979833336,272.51443128933334,-0.2951962616794592,4,4,7,1
134,Traditional Sales,2018-01-01,SAMSUNG,RB33J3305SS/UA,4,1,328,25.77777777777778,578.2805920835556,0.5582778048428334,2,5,4,7
135,Traditional Sales,2018-01-01,INDESIT,DS 3181 S (UA),3,0,310,101.52439344283333,319.42843298400004,0.8920023322651239,4,4,7,1
136,Traditional Sales,2018-01-01,SNAIGE,RF31SM-S10021,3,0,279,45.175770201999995,296.6984817715001,-0.3913395352308678,4,4,7,1
137,Traditional Sales,2018-01-01,ERGO,MR-85,3,0,92,76.51058260183335,127.48321440383334,-10.147207308633469,7,2,7,2
138,Traditional Sales,2018-01-01,GORENJE,RK 6201 AW,3,0,353,24.650854589749997,399.7556336450834,-0.2620428396449196,4,3,7,10
139,Traditional Sales,2018-01-01,HOTPOINT-ARIS,XH8 T1O X,3,1,338,12.416666666666666,474.6346643048333,0.06866274592936923,3,8,3,8
140,Traditional Sales,2018-01-01,ATLANT,MX 5810-72,3,0,285,86.37814625641668,246.0768365905,0.2966781584421542,4,4,7,1
141,Traditional Sales,2018-01-01,SAMSUNG,RB37J5100SA/UA,3,1,367,20.49686069466667,593.6012070752499,-0.1893388019269798,3,1,2,7
142,Traditional Sales,2018-01-01,INDESIT,IBS 16 AA (UA),3,0,278,107.19326755449998,269.46810933716665,-0.8296796368454796,4,4,7,1
143,Traditional Sales,2018-01-01,VESTFROST,CNF 201 ZW,3,1,360,71.75,421.5622515995833,0.5342398884685761,3,3,3,10
144,Traditional Sales,2018-01-01,GORENJE,NRK6191GHW,3,1,307,14.344520202,430.7728379641666,0.10228521810369455,3,8,3,8
145,Traditional Sales,2018-01-01,SIEMENS,KG36NNL30U,4,1,302,46.51666666666666,488.0204128638333,0.14899247397230542,2,5,4,7
146,Traditional Sales,2018-01-01,NORD,T 271 (W),3,0,207,43.50231694833334,196.35061404641667,-0.12865642993281623,9,2,7,3
147,Traditional Sales,2018-01-01,CANDY,CCBS 6182XH,3,0,300,20.545454545454547,311.58073940027276,0.15084065624520016,4,3,7,9
148,Traditional Sales,2018-01-01,ZANUSSI,ZRB38313XA,3,1,352,19.666666666666668,483.87688992008333,-0.022683689348499785,3,8,3,8
149,Traditional Sales,2018-01-01,SAMSUNG,RSA 1 RHMG1,3,1,520,23.397899608333333,1031.59082250675,0.3056172949943502,8,6,2,4
150,Traditional Sales,2018-01-01,INDESIT,DS 3181W (UA),3,0,310,76.4101760455,299.63048329891666,0.846409122066647,4,4,7,1
151,Traditional Sales,2018-01-01,BOSCH,KGN49XW30U,4,1,435,35.80833333333333,792.2604741636666,0.23523518722323106,2,6,4,4
152,Traditional Sales,2018-01-01,SAMSUNG,RB33J3000WW/UA,3,1,311,25.909090909181817,548.6010554500909,-0.021926648184112486,3,5,3,7
153,Traditional Sales,2018-01-01,SAMSUNG,RB31FSRNDSA,3,1,310,59.915631313166664,540.4927665230833,0.4683815433569849,3,5,3,7
154,Traditional Sales,2018-01-01,LG,GN-H702HQHZ,4,1,506,27.969242424249998,744.8825990629999,-0.3426287073972235,2,6,4,4
155,Traditional Sales,2018-01-01,BOSCH,KGN39XL35,4,1,366,60.740427294916664,626.1222537992501,0.444386907084831,2,1,4,6
156,Traditional Sales,2018-01-01,BOSCH,KGN39XW306,4,1,366,62.98333333333334,617.0984497312498,0.19874769175581627,2,1,4,6
157,Traditional Sales,2018-01-01,WHIRLPOOL,ART 9812/A+ SF,3,0,308,27.808333333333337,730.8187277545002,-0.2588188394842417,4,1,7,6
158,Traditional Sales,2018-01-01,CANDY,CCTOS 502 SH,3,0,97,56.25,172.87241935983334,-0.01929852249577288,9,2,7,2
160,Traditional Sales,2018-01-01,BOSCH,KGV36UW206,3,0,309,111.97107886541666,347.418804738,-2.814364219365183,4,4,7,1
161,Traditional Sales,2018-01-01,LIEBHERR,CN 4015,4,1,356,37.36527777775,645.5897999985833,-0.20278228521833175,2,1,4,6
162,Traditional Sales,2018-01-01,GORENJE,RK 6201 FW,3,0,352,15.083333333333334,416.34092216616676,-0.15221843326967793,4,3,7,10
163,Traditional Sales,2018-01-01,NORD,M 403,3,0,98,39.95,147.7812912745,-1.0570704602455212,9,2,7,2
164,Traditional Sales,2018-01-01,BEKO,RCSA350K21W,3,0,331,50.99122377616667,369.13292998233334,-0.15578406076074483,4,3,7,9
165,Traditional Sales,2018-01-01,BEKO,RCSA330K21W,3,0,295,36.56916666675,335.3206313614166,0.6198285886526446,4,3,7,10
167,Traditional Sales,2018-01-01,SNAIGE,RF390-1803AA,2,0,343,19.54,303.44602251109995,-0.09577934468006069,1,3,7,9
168,Traditional Sales,2018-01-01,HOTPOINT-ARIS,XH8 T2I X,4,1,338,50.13194444441667,433.8816573203333,1.169533982932652,2,3,4,10
169,Traditional Sales,2018-01-01,SAMSUNG,RS57K4000WW/UA,3,1,570,16.110486891416667,1000.5193043917501,0.0712062512962612,8,6,2,4
170,Traditional Sales,2018-01-01,CANDY,CCDS 5142 S,3,0,204,39.75,219.9080872220833,0.4361989341473258,9,2,7,3
171,Traditional Sales,2018-01-01,SAMSUNG,RT53K6340UT/WT,3,1,528,50.34815157058333,840.6843810298333,-0.8096360904825508,8,6,2,4
172,Traditional Sales,2018-01-01,WHIRLPOOL,BSNF 9452 OX,4,1,346,13.25,593.4699416844168,0.03199637470257839,2,5,4,7
173,Traditional Sales,2018-01-01,SAMSUNG,RB31FSRNDWW,3,1,310,15.285681818166667,527.7607194063334,0.03272776114484529,3,5,3,7
174,Traditional Sales,2018-01-01,LIEBHERR,T 1414,3,0,122,45.6,221.63318664250002,-0.2791693921912849,9,2,7,3
175,Traditional Sales,2018-01-01,ATLANT,XM 4026-100,3,0,373,13.933333333333332,334.732674876,-0.2441802258019499,4,3,7,9
176,Traditional Sales,2018-01-01,BEKO,CS234020,3,0,292,17.0,324.3846611771,-0.07555102715526556,4,3,7,10
177,Traditional Sales,2018-01-01,LG,GA-B499YEQZ,4,1,360,19.385833333333334,647.31261013075,-0.05754161786951802,2,1,4,6
178,Traditional Sales,2018-01-01,INDESIT,DF 4181 W,3,1,298,49.07916666658334,381.98746742808333,0.2525051490596184,3,3,3,9
179,Traditional Sales,2018-01-01,LIBERTY,HRF-230,3,0,212,24.908333333333335,191.1678597294167,-0.114245398388195,9,2,7,3
180,Traditional Sales,2018-01-01,ERGO,MRF-156,3,0,183,45.85823509041666,208.588593697,1.039277206460155,9,2,7,3
182,Traditional Sales,2018-01-01,SAMSUNG,RB41J7851SR,3,1,410,33.69916666666666,1041.8382812248333,-0.022722899952944825,8,6,2,4
183,Traditional Sales,2018-01-01,ATLANT,XM 4010-100,3,0,283,35.396538406,282.7374873715001,0.07354444311770869,4,4,7,1
184,Traditional Sales,2018-01-01,INDESIT,BIAA 18 (UA),3,0,318,22.108593359583335,268.15272198825,0.2797726979448741,4,4,7,1
186,Traditional Sales,2018-01-01,ELECTROLUX,ERF4113AOW,4,0,392,22.047169811333333,535.4748868404166,-0.0033472543290343493,4,5,5,7
187,Traditional Sales,2018-01-01,ATLANT,XM-6023 000/001,1,0,359,41.570238095166665,346.39777356483336,-0.6425475123734643,1,3,7,9
188,Traditional Sales,2018-01-01,BOSCH,KGN33NL206,3,1,279,35.58583333333333,436.85624374850005,-0.4063173098073952,3,8,3,8
189,Traditional Sales,2018-01-01,ERGO,MRF-170,3,0,230,28.541322126,247.62582881441668,0.12893773527575375,9,4,7,1
190,Traditional Sales,2018-01-01,SNAIGE,RF39SM-S10021,2,0,333,50.58810606066667,331.1603755431666,0.10677138218761285,1,3,7,9
191,Traditional Sales,2018-01-01,SAMSUNG,RB33J3200EF,3,1,328,13.910245532083332,559.4423862140834,-0.03651124588725392,3,5,3,7
192,Traditional Sales,2018-01-01,VESTFROST,CX 231 W,3,0,213,54.339999999999996,209.9810348962222,-0.5205532203163866,9,2,7,3
193,Traditional Sales,2018-01-01,ATLANT,XM 4423-100 N,3,1,288,16.736515735999998,413.1316647024167,-0.08842069467512377,3,8,3,8
194,Traditional Sales,2018-01-01,CANDY,CKDS 5122 W,3,0,152,49.833333333333336,209.38630509816664,-0.4388258021436416,9,2,7,3
195,Traditional Sales,2018-01-01,ATLANT,MX 2823-66,3,0,245,33.583333333333336,247.41818032524998,0.025893654879026187,4,4,7,1
196,Traditional Sales,2018-01-01,LIEBHERR,CTP 2921,4,0,268,25.833333333333332,320.76153934850004,-0.025225200174267118,4,3,5,9
197,Traditional Sales,2018-01-01,VESTFROST,RF 383 EB,3,1,360,18.545454545454547,473.29688502236365,0.335389658512479,3,8,3,8
198,Traditional Sales,2018-01-01,VESTFROST,RF 373 EW,3,1,324,18.454545454545453,361.38465814927275,0.10528581414933016,3,3,3,10
199,Traditional Sales,2018-01-01,SAMSUNG,RB37K63402C/UA,3,1,367,49.28910256408333,958.8495923528335,-0.16227564551509271,3,6,2,4
200,Traditional Sales,2018-01-01,BOSCH,KGV39VL31,4,0,343,30.450000000000003,460.274786042,0.006976363562259398,4,8,5,8
201,Traditional Sales,2018-01-01,ATLANT,XM 4721-101,3,0,311,39.17181818183334,313.7031668731667,0.27700091981823083,4,3,7,9
202,Traditional Sales,2018-01-01,ERGO,MR-50,3,0,46,19.655263664818182,98.18612067845456,-1.017678125309673,9,2,7,2
203,Traditional Sales,2018-01-01,SATURN,ST-CF1962U,3,0,212,52.666666666666664,173.41467447177774,-1.1273319121020469,9,2,7,3
204,Traditional Sales,2018-01-01,BEKO,RCSA270K20W,3,0,262,27.615101010083333,301.2344722805,0.3387945321321215,4,4,7,1
205,Traditional Sales,2018-01-01,ATLANT,XM-6025 000/001,1,0,384,18.598015873,379.57405093366674,-0.0871098578364024,1,3,7,10
206,Traditional Sales,2018-01-01,ATLANT,(MINSK)XM-4012-000/001,1,0,297,28.184126984166667,300.42609684008335,0.10606814101853604,1,3,7,9
207,Traditional Sales,2018-01-01,SAMSUNG,RB37J5005SA,4,1,367,6.7733333333,573.7771906913,0.01623144226325899,2,5,4,7
208,Traditional Sales,2018-01-01,ELENBERG,MR 83-O,3,0,93,72.5823820065,120.9109758625,-2.861531608017145,9,2,7,2
209,Traditional Sales,2018-01-01,SAMSUNG,RSA1SHVB1/BWT,3,1,540,10.940251572333333,995.9451903539999,0.04033154070174643,8,6,2,4
210,Traditional Sales,2018-01-01,GORENJE,RK 61910W,3,0,326,9.613888888916666,343.00860460058334,0.02974961948755532,4,3,7,10
211,Traditional Sales,2018-01-01,SATURN,ST-CF2950,3,0,82,40.416666666666664,117.18955597291666,1.408134328261249,9,2,7,2
212,Traditional Sales,2018-01-01,DELFA,SBS 440G,3,1,440,33.666666666666664,598.2385938285834,0.026459572005754703,3,5,2,7
213,Traditional Sales,2018-01-01,BEKO,RCSA 360K 21W,3,0,334,17.080000000000002,358.22644676575004,0.0010567941319595403,4,3,7,10
214,Traditional Sales,2018-01-01,SAMSUNG,RB37J5100WW/UA,3,1,367,15.844339438250001,567.16520839425,0.12934798979820872,3,5,2,7
215,Traditional Sales,2018-01-01,VESTFROST,SW 861 NFW,3,1,318,8.5,394.9679866158,-0.13369217157965904,3,8,3,10
216,Traditional Sales,2018-01-01,WHIRLPOOL,BSNF 8101 OX,3,1,319,27.966967698916665,450.64708602983336,0.1505105761335947,3,8,3,8
217,Traditional Sales,2018-01-01,SNAIGE,RF35SM - S1CB21,3,0,310,16.483333333333334,373.0183915475,-0.06253338449681399,4,3,7,10
218,Traditional Sales,2018-01-01,SNAIGE,RF 310-1803 AA,3,0,285,10.409090909090908,281.9745688551818,0.026942824541671736,4,4,7,1
219,Traditional Sales,2018-01-01,LG,GW-B499SMGZ,4,1,343,21.605555555583333,654.9490409884166,0.02107183966265145,2,1,4,6
220,Traditional Sales,2018-01-01,SAMSUNG,RB37K63401L/UA,3,1,387,20.783333333333335,962.2418320387502,-0.024524717842168413,8,6,2,4
221,Traditional Sales,2018-01-01,HOTPOINT-ARIS,XH8 T2O CH,4,1,338,19.000378787916667,469.6310245891666,0.15791510478998574,2,8,4,8
222,Traditional Sales,2018-01-01,SAMSUNG,RB37J5005EF/UA,4,1,367,8.3,591.4521405083001,0.016309907067996763,2,1,4,7
223,Traditional Sales,2018-01-01,WHIRLPOOL,BSNF 9752 OX,4,1,346,3.6,556.0546760094,0.03415250336521262,2,5,4,7
224,Traditional Sales,2018-01-01,SNAIGE,RF31SM-S1RA21,3,0,279,15.657142857166669,310.11376156258336,-0.382248512352469,4,3,7,9
225,Traditional Sales,2018-01-01,ELENBERG,MRF 146,3,0,163,19.590476190500002,159.93666444941667,0.049974374793538195,9,2,7,3
226,Traditional Sales,2018-01-01,SAMSUNG,RB30J3000WW/EF,3,1,311,36.48611111116667,506.94621627158335,0.2328441230622873,3,5,3,7
227,Traditional Sales,2018-01-01,ELECTROLUX,EN3853MOX,4,1,352,17.691666666666666,530.6873402820833,-0.048643719716371464,2,5,4,7
228,Traditional Sales,2018-01-01,HITACHI,R-BG410PUC6XGBE,4,1,330,14.253130314083334,672.3456734675,0.04598684971905003,2,1,4,6
229,Traditional Sales,2018-01-01,LG,GA-B429SQQZ,4,1,302,24.8319444445,540.9676115414167,0.3729542763597962,2,5,4,7
230,Traditional Sales,2018-01-01,SHARP,SHARP SJ-BA10IMXW1-UA,3,1,324,24.5,393.1353957636666,0.08204058469106328,3,3,3,10
231,Traditional Sales,2018-01-01,LG,GC-B247SVUV,3,1,626,29.758205128166665,1011.64544013475,-0.02053336672666617,8,6,2,4
232,Traditional Sales,2018-01-01,BEKO,RDSA240K20W,3,0,223,32.26468337225,235.36553565591666,0.7308385074148072,9,4,7,3
233,Traditional Sales,2018-01-01,BOSCH,KGN36NW31,4,1,302,8.918181818181818,464.7527047661819,0.03444157701712888,2,8,4,8
234,Traditional Sales,2018-01-01,HITACHI,R-VG610PUC3 (GGR),3,1,510,5.363636363636363,934.3978594616361,-0.017135581901542553,8,6,2,4
235,Traditional Sales,2018-01-01,BEKO,RCSA360K20PT,3,0,334,10.233333333333333,341.3275958045556,0.01111612980234522,4,3,7,10
236,Traditional Sales,2018-01-01,ELECTROLUX,EN3853MOW,4,1,349,16.666666666666668,497.7308815815834,0.21192245285721484,2,8,4,8
238,Traditional Sales,2018-01-01,ELENBERG,MR 101,3,0,85,27.948863636363637,118.61232835145456,-0.05936371420607367,9,2,7,2
239,Traditional Sales,2018-01-01,LG,GA-B389SQQZ,4,1,261,44.23022427558334,486.7344774570833,0.5238536231083631,2,5,4,7
240,Traditional Sales,2018-01-01,SIEMENS,KG36NXI35,4,1,324,19.541463647416666,571.6020496790001,-0.09251238759130403,2,5,4,7
241,Traditional Sales,2018-01-01,SAMSUNG,RB29FSRNDWW,3,1,290,38.40376262625,476.2094502750833,0.33070999774761367,3,5,3,7
242,Traditional Sales,2018-01-01,SAMSUNG,RB29FSJNDEF/UA,3,1,290,15.647927294833332,458.19710205175005,0.08886135817101687,3,8,3,8
243,Traditional Sales,2018-01-01,ATLANT,XM-6024-100,3,0,342,29.29421717166667,377.6110881560833,0.15614524658198695,4,3,7,10
244,Traditional Sales,2018-01-01,BOSCH,KGN36NW306,4,1,302,32.358333333333334,468.41503050975007,-0.19175065871079586,2,8,4,7
245,Traditional Sales,2018-01-01,WHIRLPOOL,ART 6503/A+,3,0,275,19.25,518.9993156131668,-0.07604427764655908,4,5,7,7
247,Traditional Sales,2018-01-01,GORENJE,RK61FSY2W,3,0,319,16.409722222166664,385.4729024937499,-0.07062760635137895,4,3,7,10
248,Traditional Sales,2018-01-01,SNAIGE,RF35SM-S1DA21,3,0,310,16.1494949495,354.9063904434167,0.0696366056883149,4,3,7,10
249,Traditional Sales,2018-01-01,DNEPR,DH 212,2,0,296,15.444444444333334,228.35821440783334,-0.2635227992943221,1,4,7,1
250,Traditional Sales,2018-01-01,NORD,431,2,0,207,21.166666666583335,155.37150994941666,-0.0005382406317582245,1,2,7,3
251,Traditional Sales,2018-01-01,LIEBHERR,CN 4813,4,1,338,37.38611111116667,575.2060925295833,0.0482825611951076,2,5,4,7
252,Traditional Sales,2018-01-01,LIBERTY,DR-122,4,0,98,8.418181818181818,143.95141623827274,0.7423519850242765,9,2,7,2
253,Traditional Sales,2018-01-01,HOTPOINT-ARIS,XH8 T1I W,3,1,338,15.96153409091667,408.4013295815833,-0.05761260742165921,3,8,3,10
254,Traditional Sales,2018-01-01,SIEMENS,KG36NNW30,4,1,302,22.5,450.6581839520001,0.025206828291859003,2,8,4,8
255,Traditional Sales,2018-01-01,WHIRLPOOL,BSNF8101W,3,1,319,24.58085558875,427.46474670275,0.23841526300178273,3,8,3,8
256,Traditional Sales,2018-01-01,BOSCH,KGV33UW206,3,0,287,21.733835386750002,346.2831629478333,-0.2782779717195767,4,3,7,10
257,Traditional Sales,2018-01-01,GORENJE,NRK621CLI,3,1,339,20.214655794583333,732.6063123201667,-0.10090416988435169,3,1,3,6
258,Traditional Sales,2018-01-01,SIEMENS,KG39NVW306,4,1,366,34.233333333333334,601.15054165825,-0.4296136420266856,2,1,4,6
259,Traditional Sales,2018-01-01,INDESIT,IBS 18 AA (UA),3,0,318,92.02655272958333,287.40368902333336,2.055882103561355,6,4,6,1
260,Traditional Sales,2018-01-01,HOTPOINT-ARIS,XH9 T1I X H,3,1,369,6.9,453.1621610437999,0.06915225298445737,3,8,3,8
261,Traditional Sales,2018-01-01,LIEBHERR,CNEL 4813,4,1,338,30.497222222166666,588.8388803485001,0.030292782640269245,2,5,4,7
262,Traditional Sales,2018-01-01,BOSCH,KGV39VI306,4,0,343,35.309818237250006,491.65439642358336,0.1298636299223203,4,8,5,8
263,Traditional Sales,2018-01-01,BOSCH,KGN39LB35U,4,1,366,14.987473794583336,921.4370882989165,0.041490195808571335,2,6,4,4
264,Traditional Sales,2018-01-01,ATLANT,XM 4013-100,3,0,309,27.226742424250002,308.903480262,-0.27981705898828335,4,3,7,9
265,Traditional Sales,2018-01-01,SNAIGE,RF 34 NG - Z1MA26,3,0,302,6.846608300727272,382.4756457697273,-0.03910611412048475,4,8,7,10
266,Traditional Sales,2018-01-01,ATLANT,XM 4024-100,3,0,347,9.230555555499999,326.269424803,-0.19124248238640482,4,3,7,9
267,Traditional Sales,2018-01-01,INDESIT,IBS 15 AA (UA),3,0,243,36.723055555583336,251.6165886048333,0.21801809097843705,4,4,7,1
268,Traditional Sales,2018-01-01,KIVI,RINF2957M,3,1,295,5.666666666666667,375.0780447606666,-0.04763527554260528,3,8,3,10
269,Traditional Sales,2018-01-01,INDESIT,DS 3201W (UA),3,0,339,37.31753252258333,319.898403536,0.16263490828343624,4,3,7,9
271,Traditional Sales,2018-01-01,SNAIGE,RF 36 NG-Z10026,3,1,303,7.149000000000001,365.5653095258,-0.054351740305248475,3,3,3,10
272,Traditional Sales,2018-01-01,SAMSUNG,RB33J3220SS,3,1,328,10.363636363636363,568.537573525,0.10857155991762658,3,5,3,7
273,Traditional Sales,2018-01-01,SIEMENS,KG49NLW30,4,1,435,6.083333333333333,1120.4053901311665,-0.03326934756331406,2,6,4,4
274,Traditional Sales,2018-01-01,CANDY,CCBS 5152W,3,0,190,22.916666666666668,260.7051928756667,0.2713779820358017,9,4,7,1
275,Traditional Sales,2018-01-01,ATLANT,XM-6224-101,3,0,375,7.274999999999999,417.05065394041657,-0.0006315839224282195,4,3,7,10
276,Traditional Sales,2018-01-01,GORENJE,RK6202EX,4,0,352,10.674999999999999,423.3075932986667,0.006180112985024088,4,8,5,10
277,Traditional Sales,2018-01-01,ATLANT,XM-4723-100,3,0,342,53.663614899,326.46486291016663,1.8944789338868073,6,3,6,9
278,Traditional Sales,2018-01-01,LG,GC 151 SW,3,0,124,15.125,184.65416765324997,0.03598098443338431,9,2,7,2
280,Traditional Sales,2018-01-01,LG,GC-Q247CABV,3,1,626,25.833333333333332,1715.98714157975,-0.03706730289252844,8,6,2,4
281,Traditional Sales,2018-01-01,LG,GA-B389SECZ,4,1,261,37.355624999999996,477.38869821550014,1.1472954766077392,2,5,4,7
282,Traditional Sales,2018-01-01,LG,GA-B499TGBM,4,1,360,13.083333333333334,969.8260902568335,-0.06093084024390072,2,6,4,4
283,Traditional Sales,2018-01-01,BEKO,RCSA330K20B,3,0,295,12.879393939416667,354.2357894043334,0.04614214227995177,4,3,7,10
284,Traditional Sales,2018-01-01,SAMSUNG,RB37J5000EF,3,1,367,22.369671717166664,611.9351351902501,-0.03544032848481033,3,1,2,6
286,Traditional Sales,2018-01-01,BOSCH,KGN49LB30U,4,1,435,12.148584905666668,1114.1569792728333,-0.0022184522870603175,2,6,4,4
287,Traditional Sales,2018-01-01,BEKO,CS234020 S,3,0,295,12.045238095250001,326.70741899316664,-0.01370427010895179,4,3,7,10
288,Traditional Sales,2018-01-01,NORD,NRB 118-030,3,0,277,11.458571428583333,215.58709087058332,0.08648877374717916,4,4,7,1
289,Traditional Sales,2018-01-01,NORD,NRB 137 030,3,0,240,10.92023809525,159.94161435091664,0.03580044827070067,9,2,7,3
291,Traditional Sales,2018-01-01,SAMSUNG,RB 37 J 5000 SS UA,3,1,367,24.07601020125,632.5566776849166,0.12909466467551997,3,1,2,6
292,Traditional Sales,2018-01-01,HITACHI,R-W660PUC3 GBK,3,1,540,11.083333333333334,1083.9368726575833,-0.034118194814787214,8,6,2,4
293,Traditional Sales,2018-01-01,ATLANT,XM 4425-100 N,3,1,310,16.14633538675,444.07886537050007,-0.10141679412609353,3,8,3,8
294,Traditional Sales,2018-01-01,ATLANT,XM-4723,3,0,326,11.082575757545454,336.34776413772727,0.10548232084713016,4,3,7,10
295,Traditional Sales,2018-01-01,WHIRLPOOL,WBE3714W,3,0,368,11.644444444500001,322.3272790396666,-0.2754721077223067,4,3,7,9
296,Traditional Sales,2018-01-01,BEKO,RCSA350K21PT,3,0,331,21.497121212083332,390.94966992575,0.12954609351580879,4,3,7,10
298,Traditional Sales,2018-01-01,HITACHI,R-BG410PUC6XXGR,4,1,330,21.333333333333332,641.9533573161667,-0.14166010890378328,2,1,4,6
299,Traditional Sales,2018-01-01,BEKO,RDSU8240K20W,3,0,223,52.208333333333336,239.04624004066667,1.7849467876491067,6,4,7,3
300,Traditional Sales,2018-01-01,ELECTROLUX,EN93852JX,3,1,352,5.2727272727272725,538.2088234419999,0.07456918201071613,3,5,3,7
301,Traditional Sales,2018-01-01,GORENJE,NRK 6191 CW,3,1,307,12.427300813750001,436.4794660889167,0.10601543029694875,3,8,3,8
302,Traditional Sales,2018-01-01,SNAIGE,RF34SM-S1MA21,4,0,302,26.137489177545458,328.46588306845456,0.7067895916958286,4,3,5,10
303,Traditional Sales,2018-01-01,SAMSUNG,RB33J3200SA,3,1,328,18.05402741675,549.969680627,0.03697841283811465,3,5,3,7
304,Traditional Sales,2018-01-01,INDESIT,NBS 15 AA,3,0,243,7.977777777777779,248.5993930328889,-0.14220040717502305,4,4,7,1
305,Traditional Sales,2018-01-01,ATLANT,XM 4424-180 N,3,1,307,6.719444444416666,458.33477894566664,-0.09388031778294711,3,8,3,8
306,Traditional Sales,2018-01-01,CANDY,CCTOS 502XH,3,0,97,5.363636363636363,174.1691708460909,0.0039396051752078574,9,2,7,2
307,Traditional Sales,2018-01-01,BOSCH,KGV39VW31S,4,0,342,13.975,444.91013975600004,0.08475912845662151,4,8,5,8
308,Traditional Sales,2018-01-01,SAMSUNG,RB29FEJNDWW,3,1,290,7.916666666666667,534.76260342475,0.03838513581523103,3,5,3,7
309,Traditional Sales,2018-01-01,SAMSUNG,RB31FERNDEF,3,1,310,14.433333333333332,497.29625686274994,0.04204049443530175,3,5,3,7
310,Traditional Sales,2018-01-01,SNAIGE,RF 390-1803A,2,0,343,5.816666666666666,301.81207774374997,-0.011077221033751729,1,3,7,9
311,Traditional Sales,2018-01-01,SAMSUNG,RS62K6267FG/UA,3,1,638,24.358333333333334,1465.3701866529166,-0.06157102055431175,8,6,2,4
312,Traditional Sales,2018-01-01,LG,GA-B499YLCZ,4,1,360,19.604166666666668,600.4789165685,0.11271221230021693,2,1,4,7
313,Traditional Sales,2018-01-01,LIEBHERR,CN 4313,4,1,304,33.265277777833326,527.1011820513332,0.06124465710043539,2,5,4,7
314,Traditional Sales,2018-01-01,MILANO,DF 307 VM,3,0,207,7.695652173913044,207.05307827295653,-0.10321756491707222,9,2,7,3
315,Traditional Sales,2018-01-01,SAMSUNG,RB33J3000WW/EF,3,1,328,23.75,537.9803155576667,-0.014869409644222176,3,5,3,7
316,Traditional Sales,2018-01-01,ATLANT,XM 6221-100,3,0,348,8.583181844272728,393.467113545,-0.048649436557882744,4,3,7,10
317,Traditional Sales,2018-01-01,BOSCH,KGV36VD32S,4,0,307,9.389539289250001,524.0092590406665,-0.008565829296344092,4,5,5,7
318,Traditional Sales,2018-01-01,ERGO,MRF-185,3,0,317,22.06816243241667,274.29424492616664,0.3577559389260488,4,4,7,1
319,Traditional Sales,2018-01-01,SAMSUNG,RB37J5000WW/EF,3,1,367,17.5,617.9202864587501,-0.09274787763663936,3,1,2,6
320,Traditional Sales,2018-01-01,CANDY,CKBS 5162 X,3,0,240,19.181818181818183,301.64958647218185,0.4839498845482716,4,4,7,1
321,Traditional Sales,2018-01-01,GORENJE,RK6202EW,4,0,352,7.25,419.15153014158324,-0.0047876410029847605,4,8,5,10
324,Traditional Sales,2018-01-01,NORD,403,2,0,104,17.055555555499996,158.79652362658337,-0.05597818169202093,9,2,7,2
325,Traditional Sales,2018-01-01,DNEPR,DH-243/DX-243,1,0,240,14.194444444333334,214.5437535115,-0.3381410276937736,1,4,7,3
326,Traditional Sales,2018-01-01,LG,GA-B389SQCZ,4,1,261,19.684444444416666,467.74446759233336,-0.07577247713191049,2,5,4,7
327,Traditional Sales,2018-01-01,MILANO,DF 307 VM,3,0,207,7.695652173913044,207.05307827295653,-0.10321756491707222,9,2,7,3
328,Traditional Sales,2018-01-01,SHARP,SJ-EX820FBE / SJEX820FBE,3,1,605,7.0,1743.0243142600832,-0.014049593682296184,8,6,2,4
329,Traditional Sales,2018-01-01,INDESIT,DF 4201 W,3,1,324,18.333333333333332,424.89051862824994,0.10781090958357768,3,8,3,8
330,Traditional Sales,2018-01-01,ATLANT,XM 4426-100 N,2,1,332,11.631363636363636,451.5694924747273,0.08082578675751037,3,8,3,8
332,Traditional Sales,2018-01-01,ZANUSSI,ZBB928441S,3,0,277,6.010996817500001,528.8250266634166,-0.009863172502934083,4,5,7,7
334,Traditional Sales,2018-01-01,ATLANT,XM-4424-100N,2,1,307,10.527799034166666,424.5150068913333,0.055904200422947976,3,8,3,8
335,Traditional Sales,2018-01-01,INDESIT,IBS 20 AA (UA),3,0,341,50.32939457741667,305.4937317493333,-0.2796895675146063,4,3,7,9
336,Traditional Sales,2018-01-01,SAMSUNG,RF50K5960DP/UA,3,1,486,15.971320224749997,1726.7152472303333,-0.0626376840329676,8,6,2,4
337,Traditional Sales,2018-01-01,LG,GC-M247CMBV,3,1,626,7.833333333333333,1416.4933130965,-0.0012675241328491214,8,6,2,4
338,Traditional Sales,2018-01-01,SATURN,ST-CF2949,3,0,50,11.0,93.7337662231111,-0.6881278060918887,9,2,7,2
339,Traditional Sales,2018-01-01,LG,GA-B389SMCZ,4,1,261,19.17224547666667,471.60168085724996,0.19498104456331905,2,5,4,7
340,Traditional Sales,2018-01-01,LG,GA-B499YVCZ,4,1,360,14.663333333333332,582.5649750542499,0.02494218795677035,2,5,4,7
341,Traditional Sales,2018-01-01,GORENJE,NRK 6201 GHW,3,1,339,19.5,486.3646290509167,0.04136600373239806,3,8,3,8
343,Traditional Sales,2018-01-01,ELENBERG,MR 102-O,3,0,86,9.0,123.51513220558333,0.3801412192025718,9,2,7,2
344,Traditional Sales,2018-01-01,GORENJE,RK6201AX,3,0,353,6.1883333333333335,418.8699827895834,0.05431699709201853,4,8,7,10
345,Traditional Sales,2018-01-01,ATLANT,XM 4424-109 ND,3,1,310,5.531818181818181,454.19783000845456,-0.10995665005922739,3,8,3,8
347,Traditional Sales,2018-01-01,LIEBHERR,CNEF 4015,4,1,356,16.050075757583333,736.1231572875,-0.025945518258289606,2,1,4,6
348,Traditional Sales,2018-01-01,SNAIGE,RF32SM-S10021,3,0,287,23.975000000000005,302.3105081110834,0.4919427409799226,4,3,7,9
349,Traditional Sales,2018-01-01,NORD,T 273 W,3,0,132,10.8466666667,169.14862539450002,0.20948651402466964,9,2,7,2
350,Traditional Sales,2018-01-01,NORD,B 239 (W),3,0,267,14.875,263.23877049541665,-0.2518914959838366,4,4,7,1
351,Traditional Sales,2018-01-01,GORENJE,RK6201FX,3,0,352,6.416666666666667,440.84806425141664,-0.009526197595839172,4,8,7,8
352,Traditional Sales,2018-01-01,SAMSUNG,RT22HAR4DWW,3,1,234,7.708333333333333,438.3233351255001,0.003856096275446759,3,8,3,8
354,Traditional Sales,2018-01-01,ATLANT,XM 6025-180,3,0,384,28.97522727275,406.25425832375,0.20860783763895252,4,3,7,10
355,Traditional Sales,2018-01-01,BEKO,B 1751,3,0,110,6.516666666666667,192.415490601,-0.07895360974724042,9,2,7,2
357,Traditional Sales,2018-01-01,LG,GR-H802HMHZ,4,1,592,24.108333333333334,931.7380520764167,0.019582308575224493,8,6,4,4
358,Traditional Sales,2018-01-01,ROTEX,RR-SD100,3,0,91,7.3999999999999995,128.3867054062222,0.5883062297727351,9,2,7,2
359,Traditional Sales,2018-01-01,LG,GA-B 499 YVQZ,4,1,360,13.94174242425,632.07498916375,-0.003652797298598201,2,1,4,6
361,Traditional Sales,2018-01-01,SHARP,SJ-B1239M4W,3,0,235,18.166666666666668,254.88197179191664,0.48461020454879755,4,4,7,1
362,Traditional Sales,2018-01-01,BEKO,RCSA300K21W,3,0,291,25.143347107454545,313.14385790827276,0.9666577346647427,4,3,7,9
363,Traditional Sales,2018-01-01,HAIER,HTTF-406S,3,0,82,10.818181818181818,157.6765730079091,0.5161741446969295,9,2,7,2
364,Traditional Sales,2018-01-01,WHIRLPOOL,T TNF 8211 OX,3,1,423,6.0,689.7857019492727,0.016609011591807752,3,1,2,6
365,Traditional Sales,2018-01-01,LG,GW-B469BQJZ,4,1,318,3.0444444444444443,469.9664735232223,-0.012674544671715283,2,8,4,8
366,Traditional Sales,2018-01-01,ATLANT,XM 4008-100,3,0,244,7.995909090916666,271.81180806208334,-0.03608992879209133,4,4,7,1
367,Traditional Sales,2018-01-01,GORENJE,NRKI2181A1,3,1,248,10.452818481916667,768.7374716069999,0.05450344545384028,3,1,3,6
368,Traditional Sales,2018-01-01,WHIRLPOOL,ART 9610 A+,3,0,308,12.666666666666666,596.7195105744166,-0.08774295811802629,4,5,7,7
369,Traditional Sales,2018-01-01,GORENJE,R6191FW,3,0,368,10.5,532.36940829375,-0.047319207995704604,4,5,7,7
370,Traditional Sales,2018-01-01,ELECTROLUX,EJ2301AOW2,3,0,223,14.0875,268.4941678701666,0.05920684241651847,9,4,7,1
371,Traditional Sales,2018-01-01,SNAIGE,RF36SMS1MA21,3,0,321,6.807642431611111,345.25060010300007,-0.06252458928566337,4,3,7,10
372,Traditional Sales,2018-01-01,LG,GA-B499TGDF,4,1,360,11.80277777775,966.1883084834167,-0.03689255937225404,2,6,4,4
373,Traditional Sales,2018-01-01,LIEBHERR,CN 5715,5,1,402,3.727272727272727,1299.9026741175455,0.006102158002171069,2,6,4,4
374,Traditional Sales,2018-01-01,LIEBHERR,CNEL 4313,4,1,304,23.22083333333333,547.0663893744166,0.1087659107233612,2,5,4,7
375,Traditional Sales,2018-01-01,LIBERTY,DRF-300 W,3,0,278,7.4,271.8785162326,0.21303072180540794,4,4,7,1
376,Traditional Sales,2018-01-01,BEKO,RCNA320K21W,3,1,287,53.398432422333336,372.6179593409167,-0.46601117920417345,3,3,3,9
377,Traditional Sales,2018-01-01,ELECTROLUX,ENN93153AW,3,1,283,6.7862325920833335,924.5067728600002,-0.02719799880757287,3,6,3,4
378,Traditional Sales,2018-01-01,SIEMENS,KG39NXB35,4,1,366,11.783333333333331,730.3767419435835,-0.05226563006592024,2,1,4,6
379,Traditional Sales,2018-01-01,BOSCH,KGN33NW206,3,1,279,24.849999999999998,424.4576543307499,-0.15239448990688015,3,8,3,8
380,Traditional Sales,2018-01-01,GORENJE,NRK6191CX,3,1,307,9.0676019458,455.22861003570006,0.14505964096526772,3,8,3,8
381,Traditional Sales,2018-01-01,ELECTROLUX,ENN 92800 AW,3,0,277,7.675764644333333,580.3361660974166,0.043713752103562986,4,5,7,7
382,Traditional Sales,2018-01-01,SNAIGE,RF36SM-S1RA21,3,0,321,8.975,347.08243440266665,0.0897453942474201,4,3,7,10
384,Traditional Sales,2018-01-01,BOSCH,KGN49XI30U,4,1,435,9.555503144666664,882.9328444096668,-0.09255887969965139,2,6,4,4
385,Traditional Sales,2018-01-01,HITACHI,R-VG660PUC3 (GGR),4,1,550,6.8,1023.7916812589999,0.021261744537107795,8,6,4,4
386,Traditional Sales,2018-01-01,ATLANT,XM 4421 100 N,3,1,312,5.922222222222222,398.9979708133334,-0.054229437146938946,3,8,3,10
387,Traditional Sales,2018-01-01,INDESIT,NBS 18 S AA (UA),3,0,318,5.6,297.6537749913,-0.054700871520336355,4,3,7,9
390,Traditional Sales,2018-01-01,SAMSUNG,RT25HAR4DWW,3,1,255,6.333333333333333,415.62199082008334,0.0022650603848923625,3,8,3,8
391,Traditional Sales,2018-01-01,SAMSUNG,RT22HAR4DSA,3,1,234,8.416666666666666,434.3920582340834,-0.069690648291009,3,8,3,8
392,Traditional Sales,2018-01-01,ATLANT,XM 4423-100,3,1,288,7.0,417.7975993418182,0.025367601722735552,3,8,3,8
394,Traditional Sales,2018-01-01,ATLANT,XM 6321-101,3,0,311,9.454545454545455,334.13358025227274,0.17181932013218157,4,3,7,10
395,Traditional Sales,2018-01-01,SNAIGE,RF35SM-S1MA21,3,0,310,7.308333333333334,360.07241705124994,-0.05237356071897764,4,3,7,10
396,Traditional Sales,2018-01-01,ATLANT,MXM-2835 00,2,0,280,19.28333333333333,256.20145180741673,-0.07109877860522273,1,4,7,1
397,Traditional Sales,2018-01-01,HITACHI,R-BG410PUC6XGS,4,1,330,4.363636363636363,655.0122654597272,-0.014254065352666323,2,1,4,6
399,Traditional Sales,2018-01-01,HITACHI,R-BG410PUC6XGBK,4,1,330,7.5275,674.1356834093333,-0.006925335306132499,2,1,4,6
400,Traditional Sales,2018-01-01,NORD,T 275,3,0,240,19.597222222166668,230.41353784700001,0.14834725409537453,4,4,7,1
402,Traditional Sales,2018-01-01,LG,GA-B499YMQZ,4,1,360,14.72479698075,655.31895520925,0.06480897454034994,2,1,4,6
403,Traditional Sales,2018-01-01,BOSCH,KGN49XI30,4,1,435,15.083333333333334,859.1019774225833,-0.04800840672163198,2,6,4,4
408,Traditional Sales,2018-01-01,BOSCH,KGV39VW306,4,0,344,13.033333333333331,447.2119342629167,-0.11563759989907635,4,8,5,8
409,Traditional Sales,2018-01-01,GORENJE,RKI2181E1,3,0,260,7.451346860916666,589.4753333611667,0.02218420897024638,4,5,7,7
410,Traditional Sales,2018-01-01,ELECTROLUX,ENN93111AW,3,0,292,7.367667085583332,695.4475415151668,0.012306477889934686,4,1,7,6
411,Traditional Sales,2018-01-01,SNAIGE,C31SM T10022,4,0,308,6.941666666666666,308.9458806019167,0.04201292345833494,4,3,5,9
412,Traditional Sales,2018-01-01,BOSCH,KIN86AD30,4,1,255,5.590954383583334,1392.27442157275,-0.014858609570468051,2,6,4,4
413,Traditional Sales,2018-01-01,SHARP,SJ-BA10-IEXI1,3,1,324,5.104127301181818,481.841063955909,-0.04067105673930251,3,8,3,8
414,Traditional Sales,2018-01-01,SAMSUNG,RB 37 J 5220 WW,3,1,367,3.9166666666666665,528.09661938725,-0.030072485016710487,3,5,3,7
415,Traditional Sales,2018-01-01,ELECTROLUX,ENF2440AOX,3,1,224,4.0,410.00262702391666,-0.037868275190212915,3,8,3,8
417,Traditional Sales,2018-01-01,DELFA,DMF-50,3,0,55,88.53333333333332,93.58775165541665,-3.06375991890109,9,2,7,2
419,Traditional Sales,2018-01-01,WHIRLPOOL,WBE 3625 NFTS,3,1,349,2.5454545454545454,431.44781498790906,-0.0015308850645002117,3,8,3,10
420,Traditional Sales,2018-01-01,PROFYCOOL,BC 42B,2,0,42,8.47272727272727,100.59624670536363,-0.09888465368224451,9,2,7,2
421,Traditional Sales,2018-01-01,BOSCH,KGN36NL306,4,1,300,73.95833333333334,478.72221437391676,-0.9524288079272064,2,5,4,7
422,Traditional Sales,2018-01-01,LIBERTY,SSBS-430 W,3,1,429,2.9364462810000003,561.2494585701818,-0.010006300255901997,3,5,2,7
424,Traditional Sales,2018-01-01,ATLANT,XM 6025-160,3,0,364,4.555555555555555,394.1970856752222,0.07909049758916653,4,3,7,10
425,Traditional Sales,2018-01-01,ERGO,SBS 520 S,3,1,517,7.62835227275,615.75567659875,0.0037928614150611875,8,5,2,7
426,Traditional Sales,2018-01-01,GORENJE,NRK6201GHX,3,1,339,17.0895939615,520.6479155603334,-0.12039862964261064,3,5,3,7
427,Traditional Sales,2018-01-01,GORENJE,NRK6191GHX,3,1,307,9.708333333333334,467.449320172,0.04668619972953306,3,8,3,8
428,Traditional Sales,2018-01-01,HITACHI,R-VG660PUC3GPW,4,1,550,2.6,1007.8492769176,-0.0032970311767298076,8,6,4,4
429,Traditional Sales,2018-01-01,SHARP,SJ-BA10IMXI1-UA,3,1,324,3.5416666666666665,437.15083884308325,-0.010219756551644742,3,8,3,8
431,Traditional Sales,2018-01-01,GORENJE,R6191DX,3,0,368,10.083333333333334,572.9708856384167,0.07200707533387495,4,1,7,7
432,Traditional Sales,2018-01-01,BOSCH,KGN39LB35,4,1,366,6.916666666666667,927.0713602465834,0.022778511024849856,2,6,4,4
434,Traditional Sales,2018-01-01,GORENJE,NRK6202MX,4,1,339,3.2108433735,578.7756642229001,0.02874796751837073,2,5,4,7
435,Traditional Sales,2018-01-01,GORENJE,NRK 6202 MW,4,1,339,2.5891452603,573.6099339622999,0.022846578663561563,2,5,4,7
437,Traditional Sales,2018-01-01,ELECTROLUX,ERN 93213 AW,3,0,319,5.523144049666667,843.3918541293333,-0.02601992303877936,4,1,7,4
438,Traditional Sales,2018-01-01,ATLANT,XM 4012-130,3,0,297,1.8444444444444446,335.3404622981111,-0.07412005819586577,4,3,7,10
441,Traditional Sales,2018-01-01,HANSA,FD221.4,3,0,213,20.4,187.24022564270004,0.20402549707772996,9,2,7,3
442,Traditional Sales,2018-01-01,BOSCH,KIV38X20,3,0,277,16.718003144666664,716.058569413,-0.0866684641617351,4,1,7,6
443,Traditional Sales,2018-01-01,LIBERTY,HSBS-580 GB,3,1,517,3.1875,766.0303347949167,-0.011241854208371187,8,6,2,4
446,Traditional Sales,2018-01-01,ELECTROLUX,ENF 2700 AOX,3,0,237,10.608333333333333,362.5013427945833,0.1240310952306522,4,8,7,8
447,Traditional Sales,2018-01-01,ATLANT,XM 4421-180 N,3,1,312,4.545454545454546,413.3658833951818,0.015662509065788456,3,8,3,8
448,Traditional Sales,2018-01-01,BEKO,BCN 130000,4,1,237,5.25,683.1003937635833,0.003332702218090279,2,1,4,6
449,Traditional Sales,2018-01-01,WHIRLPOOL,WBE 3414 X,3,0,339,8.200000000083334,322.89199501875004,-0.1869419057293136,4,3,7,9
451,Traditional Sales,2018-01-01,INDESIT,TIAA 16,3,0,296,7.0,272.25461444825,0.056650057411338176,4,4,7,1
454,Traditional Sales,2018-01-01,ATLANT,XM 4012-020,1,0,320,9.277777777833334,292.7980731538333,-0.17409499800255518,1,3,7,9
455,Traditional Sales,2018-01-01,ATLANT,XM 6021 000/001,2,0,345,12.291666666666666,354.0095742339167,0.16866625034973154,1,3,7,10
456,Traditional Sales,2018-01-01,ERGO,MRFN-185,3,1,317,13.924907234000003,353.33286580316667,0.004701786297290282,3,3,3,10
457,Traditional Sales,2018-01-01,HITACHI,R-BG410PUC6GS,3,1,330,3.0,603.5944791025833,-0.010195404851432121,3,5,3,7
459,Traditional Sales,2018-01-01,SIEMENS,KG39NXI306,4,1,366,17.14166666666667,675.8462618381667,-0.21625183302067952,2,1,4,6
460,Traditional Sales,2018-01-01,BEKO,RCNA320K20PT,3,1,287,8.181818181818182,386.1472389135455,0.07692027777223842,3,8,3,8
461,Traditional Sales,2018-01-01,SAMSUNG,RB30J3200SS/WT,3,1,311,9.545454545454545,492.4985980154545,0.0695170091121283,3,5,3,7
462,Traditional Sales,2018-01-01,CANDY,CCBF-P6182W,3,1,305,16.5,331.7619910164167,0.5474698443899478,3,3,3,10
463,Traditional Sales,2018-01-01,ATLANT,XM 4426-109 ND,2,1,332,3.3636363636363638,471.28376373554545,-0.021709067044069164,3,8,3,8
464,Traditional Sales,2018-01-01,GORENJE,NRK6192MRD/MCH/MR/MC/JCH/JR/JC,4,1,307,4.691666666666666,684.5831669479165,-0.007128338051321262,2,1,4,6
466,Traditional Sales,2018-01-01,SNAIGE,RF 35 SM-S1JJ21,3,0,310,5.642999999999999,357.55584614840006,0.027731995964721187,4,3,7,10
467,Traditional Sales,2018-01-01,SIEMENS,KG49NAI31,4,1,435,3.383333333333333,1063.6060985683332,-0.021265476005794252,2,6,4,4
468,Traditional Sales,2018-01-01,ELECTROLUX,EN3889MFX,4,1,341,3.2659900360833327,789.1145873846667,-0.025436323409639007,2,1,4,6
469,Traditional Sales,2018-01-01,SIEMENS,KG56NVI30U,4,1,505,3.4000000000000004,920.625440201,-0.013678450677613375,8,6,4,4
471,Traditional Sales,2018-01-01,SAMSUNG,RB37J5000SA/EF,3,1,367,6.159999999999999,546.0406408931001,-0.024692673206609825,3,5,3,7
472,Traditional Sales,2018-01-01,LIEBHERR,CU 2811,4,0,263,7.25,341.3403146163333,-0.0391501622973616,4,8,5,8
473,Traditional Sales,2018-01-01,HANSA,BK 316.3 AA,4,0,260,7.416666666666667,361.3940551005,-0.053519978266547315,4,8,5,8
475,Traditional Sales,2018-01-01,ATLANT,XM 4421 N 100,3,1,285,3.727272727272727,392.70781500881816,0.0053186604436750405,3,8,3,8
477,Traditional Sales,2018-01-01,ZANUSSI,ZRB36101WA,3,0,337,3.1303030302727275,322.6706500908182,0.04508355614722186,4,3,7,9
478,Traditional Sales,2018-01-01,ATLANT,XM 4009-100,3,0,281,6.883333333333333,291.19870835925,-0.08828291550400244,4,4,7,1
479,Traditional Sales,2018-01-01,ATLANT,MX 2822-66,3,0,205,8.568817204333333,248.90700246033336,0.030080973482393664,9,4,7,1
480,Traditional Sales,2018-01-01,ZANUSSI,ZRT27100WA,3,0,265,6.55,272.08053739258327,0.022240224490609844,4,4,7,1
483,Traditional Sales,2018-01-01,WHIRLPOOL,ART 963/A+/NF,3,1,300,14.4375,860.7466135150834,-0.10946748297383739,3,6,3,4
484,Traditional Sales,2018-01-01,LIEBHERR,CT 3306,3,0,307,9.145833333333334,378.1877796220834,0.012578409050033185,4,8,7,10
485,Traditional Sales,2018-01-01,SIEMENS,KI38VX20,3,0,276,4.49090909090909,728.0708635161819,-0.001799859564643437,4,1,7,6
486,Traditional Sales,2018-01-01,LIEBHERR,SBS 7212 COMFORT,3,1,651,6.916666666666667,1610.5999633254999,0.021531937978909985,8,6,2,4
492,Traditional Sales,2018-01-01,HITACHI,R-BG410PUC6GBK,3,1,330,9.253130314083334,598.7204187626667,-0.051046008042626115,3,5,3,7
494,Traditional Sales,2018-01-01,LIEBHERR,ICUNS 3324,4,1,256,7.489046071916667,915.7941914755002,-0.010647482051587609,2,6,4,4
495,Traditional Sales,2018-01-01,HISENSE,RC-67WS4SHA,3,1,516,6.870451548416667,612.5805292379167,0.007894830174963998,8,5,2,7
497,Traditional Sales,2018-01-01,LIEBHERR,CNBE 4015,4,1,356,4.454545454545454,765.5217188833635,-0.010572704621767258,2,1,4,6
499,Traditional Sales,2018-01-01,SATURN,ST-CF1961U,3,0,184,2.111111111111111,151.928528486,-0.050143239048335495,9,2,7,3
500,Traditional Sales,2018-01-01,ATLANT,MXM-5810,2,0,285,3.4444444444444446,245.24527379600002,-0.0793466233043459,1,4,7,1
501,Traditional Sales,2018-01-01,LIEBHERR,TB 1400,3,0,136,3.7083333333333335,253.9227884356667,-0.05454587106860709,9,2,7,3
504,Traditional Sales,2018-01-01,INTERLINE,IBC 250,3,0,250,11.604166666666666,387.23652595625003,-0.15014421132316821,4,8,7,8
506,Traditional Sales,2018-01-01,BOSCH,KGN49XL30U,4,1,435,6.469999999999999,846.5561088887001,0.000230946465924811,2,6,4,4
507,Traditional Sales,2018-01-01,AEG,S83920CMXF,4,1,341,5.259071797083333,792.4914389803333,0.002632156466033307,2,1,4,6
508,Traditional Sales,2018-01-01,GORENJE,NRK6201MC-0,3,1,339,3.7443396226666668,642.5939943922222,-0.008914468413101043,3,1,3,6
509,Traditional Sales,2018-01-01,ZANUSSI,ZRG 11600 WA,3,0,102,12.024999999999999,175.34764032441663,0.47807495508131226,9,2,7,2
510,Traditional Sales,2018-01-01,HANSA,BK316.3,3,0,260,4.327272727272727,364.86017412609095,0.036068929095522256,4,8,7,8
512,Traditional Sales,2018-01-01,ATLANT,XM-4521-100-ND,3,1,373,2.5045454545454544,474.16364024945466,0.013864503771092957,3,8,3,8
514,Traditional Sales,2018-01-01,BEKO,GN 163120,3,1,558,1.6666666666666667,866.3921118282223,0.006560949516732087,8,6,2,4
517,Traditional Sales,2018-01-01,ZANUSSI,ZRT 23100 XA,3,0,223,4.172727272727273,274.11999468245455,0.019322193033271477,9,4,7,1
519,Traditional Sales,2018-01-01,INDESIT,BIAA 181,3,0,318,2.4930555555555554,275.10508119955557,-0.010170569159720446,4,4,7,1
520,Traditional Sales,2018-01-01,DNEPR,DX 229-7-010,2,0,219,9.2333333333,191.8240926734,-0.3038257873224209,1,2,7,3
521,Traditional Sales,2018-01-01,NORD,NRT 275-030,2,0,278,9.969696969727273,218.03133053127274,-0.7239630749789217,1,4,7,1
524,Traditional Sales,2018-01-01,SIEMENS,KI86NAD30,4,1,255,4.004307116083333,1424.8527400611667,-0.007560220658899066,2,6,4,4
527,Traditional Sales,2018-01-01,GORENJE,NRK 6201 MX,3,1,353,4.358333333333333,529.4567931824167,0.00904352731491036,3,5,3,7
528,Traditional Sales,2018-01-01,BEKO,TSE 1262,3,0,114,15.133333333333335,234.43485730883333,0.1742881341504907,9,2,7,3
529,Traditional Sales,2018-01-01,SMART,BM338WAW,3,1,338,5.777777777777778,362.500390437,0.15297750460292855,3,3,3,10
532,Traditional Sales,2018-01-01,LIBERTY,HRF-295 W,3,0,273,8.166666666666666,266.6393621458333,0.32885332135222867,4,4,7,1
536,Traditional Sales,2018-01-01,LG,GA-B499TGRF,4,1,360,4.819166666666667,1012.2186575288333,-0.0219624304501925,2,6,4,4
537,Traditional Sales,2018-01-01,LIBERTY,DSBS-540 X,3,1,482,2.0,726.3501247609,-0.019359163616967132,8,6,2,4
538,Traditional Sales,2018-01-01,LIBERTY,HR-120 W,3,0,93,9.4625,133.04254600866668,0.2659195131542034,9,2,7,2
539,Traditional Sales,2018-01-01,LIBERTY,SSBS-612 GS,3,1,612,1.5555555555555556,737.7794094036667,-0.01183515373424145,8,6,2,4
541,Traditional Sales,2018-01-01,HOTPOINT-ARIS,XH9 T1I W (UA),3,1,369,3.9416666666666664,448.9357992307501,0.005111832644251707,3,8,3,8
544,Traditional Sales,2018-01-01,SHARP,SJ-EX820FSL,4,1,605,3.3636363636363638,1760.7669223573635,-0.007407508911671742,8,6,4,4
547,Traditional Sales,2018-01-01,BOSCH,KGN39AW35,4,1,366,4.013636363636364,867.8671510318181,0.0011818129251993294,2,1,4,4
548,Traditional Sales,2018-01-01,BEKO,RSNE445E22,3,0,375,11.336111111083333,463.20853569249994,-0.04816054991230253,4,8,7,8
549,Traditional Sales,2018-01-01,SNAIGE,RF 36 SM-S1JJ21,3,0,321,4.421212121181818,358.2215335747273,0.028490134273394252,4,3,7,10
552,Traditional Sales,2018-01-01,VESTFROST,VD 142 RW,3,0,97,44.74166666666667,147.36905889358334,2.5789795873103216,6,2,7,2
553,Traditional Sales,2018-01-01,WHIRLPOOL,ART6711/A++ SF,4,0,275,11.615058480416666,581.3359530845833,-0.0591925052806648,4,5,5,7
555,Traditional Sales,2018-01-01,GORENJE,NRK6191CHW,3,1,307,8.328454383583335,415.9748375869167,-0.010179657292046458,3,8,3,8
556,Traditional Sales,2018-01-01,ELECTROLUX,EN3889MFW,4,1,352,3.8355866002727272,733.4047199573638,-0.008848753152294032,2,1,4,6
558,Traditional Sales,2018-01-01,ERGO,SBS 520 W,3,1,517,5.333723988666666,592.00778881425,0.015511378310870983,8,5,2,7
559,Traditional Sales,2018-01-01,BOSCH,KGN 86AI30U,4,1,619,7.610486891416667,1361.8999631349166,-0.031116706926986044,8,6,4,4
560,Traditional Sales,2018-01-01,BOSCH,KGN56VI30U,4,1,505,8.060486891416668,879.95482794425,-0.01628206451591855,8,6,4,4
561,Traditional Sales,2018-01-01,BOSCH,KGN56LB30N,4,1,505,3.883333333333333,1213.6674342965,-0.0046263996491672016,8,6,4,4
562,Traditional Sales,2018-01-01,SIEMENS,KG39FSW45,5,1,343,3.5383018867999994,1241.8764486463,-0.0012666267860367213,2,6,4,4
563,Traditional Sales,2018-01-01,NORD,B 152 (W),3,0,180,9.233333333333334,223.8148869728889,-0.09052495951614217,9,2,7,3
566,Traditional Sales,2018-01-01,HITACHI,R-VG540PUC3GBK,4,1,450,2.909090909090909,957.1854496089092,0.010737496775138505,2,6,4,4
567,Traditional Sales,2018-01-01,INDESIT,NBS 16.1 AA (UA),3,0,278,2.888888888888889,254.98017027311113,0.13627609370766983,4,4,7,1
568,Traditional Sales,2018-01-01,BOSCH,KGV39VI31,4,0,343,3.6363636363636362,451.976485123909,0.03368620923242364,4,8,5,8
569,Traditional Sales,2018-01-01,SAMSUNG,RB31HSR2DSA,3,1,306,6.958333333333333,439.30624336274997,0.011708729787311328,3,8,3,8
570,Traditional Sales,2018-01-01,SNAIGE,C 29SM-T10021(1),3,0,267,7.009090909090909,271.91791577781817,0.15375299791051195,4,4,7,1
572,Traditional Sales,2018-01-01,VESTFROST,FW 540 M,3,1,515,3.0,1254.086673638091,0.002946446338056304,8,6,2,4
573,Traditional Sales,2018-01-01,ATLANT,XM 4012-180,3,0,297,7.954545454545454,334.51381746909095,0.16822251445536568,4,3,7,10
575,Traditional Sales,2018-01-01,ZANUSSI,ZRB36104WA,4,0,329,4.720531154272727,313.80098422900005,0.01810273262441795,4,3,5,9
583,Traditional Sales,2018-01-01,WHIRLPOOL,WBE 3414 W,3,0,338,2.5555555555555554,312.5671767145555,-0.011804642488953736,4,3,7,9
586,Traditional Sales,2018-01-01,BEKO,LBI 3001,3,0,308,2.716666666666667,439.8097379455833,-0.00931957343872077,4,8,7,8
588,Traditional Sales,2018-01-01,ATLANT,XM 4214-000,2,0,290,1.6083333333333334,318.00714435616663,-0.03557384419111412,1,3,7,10
593,Traditional Sales,2018-01-01,HITACHI,R-BG410PUC6GPW,3,1,330,3.848181818181818,600.6021194271817,-0.04680469464984431,3,5,3,7
595,Traditional Sales,2018-01-01,BEKO,RCNA355K20PT,3,1,321,4.818181818181818,447.38612564345453,0.07105065338846073,3,8,3,8
599,Traditional Sales,2018-01-01,NORD,B 219 NF W,3,1,230,4.055555555555555,273.8626878405555,-0.08996337011430726,3,4,3,1
600,Traditional Sales,2018-01-01,BEKO,RCSA360K21PT,3,0,334,10.021666666666667,365.7106088945,-0.18199011110084204,4,3,7,10
602,Traditional Sales,2018-01-01,LIEBHERR,IK 3520,4,0,325,5.680843373499999,1066.5061459431,-0.008154779041855529,2,6,5,4
603,Traditional Sales,2018-01-01,BEKO,RCSA330K21PT,3,0,295,6.788712121250001,353.37790444,0.10258069905919431,4,3,7,10
605,Traditional Sales,2018-01-01,ATLANT,XM 4724-101,3,0,334,13.933484848500001,327.2854417086667,0.21930932562637945,4,3,7,9
607,Traditional Sales,2018-01-01,LIEBHERR,CUBE 4015,4,0,358,2.272727272727273,713.6612396373636,-0.0016712618078339628,2,1,5,6
610,Traditional Sales,2018-01-01,HITACHI,R-WB800PUC5XGR,4,1,634,4.5,1738.935759817083,0.022406410367200504,8,6,4,4
612,Traditional Sales,2018-01-01,LIEBHERR,CBN 4815,5,1,343,3.5,1160.4734487769,0.0021881527306595286,2,6,4,4
613,Traditional Sales,2018-01-01,LIEBHERR,CBNEF 4815,5,1,343,1.8888888888888888,1411.8721279524445,-0.0026984912264932295,2,6,4,4
614,Traditional Sales,2018-01-01,SHARP,SJXE680MBE,4,1,536,2.888888888888889,928.9261702845555,0.000821961991622381,8,6,4,4
615,Traditional Sales,2018-01-01,SNAIGE,RF34SM-S1JJ21,3,0,302,4.991666666666666,338.1402108800833,0.03351261618706515,4,3,7,10
617,Traditional Sales,2018-01-01,AEG,S53920CTXF,4,1,352,3.94382022475,612.4840705833333,-0.045265782701370647,2,1,4,7
619,Traditional Sales,2018-01-01,SAMSUNG,RB33J3200WW,3,1,328,6.562948551333332,526.9506356505,0.02246643031882207,3,5,3,7
620,Traditional Sales,2018-01-01,HANSA,BK316.3FA,3,1,246,3.358333333333333,418.02298794916663,-0.01236838812799696,3,8,3,8
625,Traditional Sales,2018-01-01,GORENJE,RC4151W,3,0,209,3.5783018868,285.96807432189996,-0.043844314694930886,9,4,7,1
626,Traditional Sales,2018-01-01,SIEMENS,KG39NAI36,4,1,366,4.174287716916666,918.6208629699167,0.010750380519171954,2,6,4,4
627,Traditional Sales,2018-01-01,WHIRLPOOL,ART 9811/A++ SF,4,0,308,20.372872622583333,631.3953626695001,-0.23861903260689116,4,1,5,6
628,Traditional Sales,2018-01-01,ZANUSSI,ZRB36104XA,4,0,337,4.036963818833333,357.854744113,-0.01006975590570341,4,3,5,10
630,Traditional Sales,2018-01-01,ATLANT,XM 6021-180,3,0,345,5.522222222222222,386.01828840733333,-0.05501581034442324,4,3,7,10
632,Traditional Sales,2018-01-01,BOSCH,KSV36VL30,4,0,346,2.1676037483333332,867.4236281062222,0.0021137914430731184,2,1,5,4
634,Traditional Sales,2018-01-01,ELECTROLUX,ERN1200FOW,3,0,106,5.847871335818181,340.6383577907273,-0.05894588993656443,9,4,7,3
635,Traditional Sales,2018-01-01,AEG,SCR41811LS,3,0,268,4.324313897583333,629.4963021491667,-0.045489443097880465,4,1,7,6
636,Traditional Sales,2018-01-01,SNAIGE,RF30SM-S10021,3,0,261,5.029999999999999,287.8963763349,0.08688293370063839,4,4,7,1
637,Traditional Sales,2018-01-01,SAMSUNG,RB37J5315EF,4,1,367,3.0454545454545454,580.6161364036363,0.004731722697213699,2,1,4,7
643,Traditional Sales,2018-01-01,CANDY,CCDS 5142WH,3,0,204,1.5555555555555556,226.41496924422222,0.010974428935891956,9,4,7,3
646,Traditional Sales,2018-01-01,NORD,DX 237 012,3,0,264,5.1944444445,228.60781298291667,-0.1080651953768503,4,4,7,1
648,Traditional Sales,2018-01-01,ATLANT,XM 4423-180 N,3,1,337,3.0300000000000002,450.2280078084001,0.005285876466224428,3,8,3,8
650,Traditional Sales,2018-01-01,ATLANT,MXM-2835-95 A+,3,0,280,5.5,258.152946434,-0.17086611306650074,4,4,7,1
656,Traditional Sales,2018-01-01,LG,GA-B489TGDF,4,1,335,1.2222222222222223,858.4354861012222,-0.0008305085671194945,2,1,4,4
659,Traditional Sales,2018-01-01,HAIER,HRF-628DF6,3,1,579,2.7,804.6734503219999,-0.00046207620202236245,8,6,2,4
662,Traditional Sales,2018-01-01,SNAIGE,RF36SM-S1DA21,3,0,321,18.217302489166666,340.08797369266665,-0.003422621490423494,4,3,7,10
664,Traditional Sales,2018-01-01,SNAIGE,RF34SM S1RA21,3,0,302,1.7545454545454546,347.7368787924546,-0.02105566202717225,4,3,7,10
666,Traditional Sales,2018-01-01,WHIRLPOOL,ART 459/A+/NF/1,3,1,264,8.916666666666666,711.2391711762499,-0.06135857789933541,3,1,3,6
672,Traditional Sales,2018-01-01,ATLANT,XM 4214-014,3,0,290,10.660606060545454,306.9671098327272,0.1008023137733468,4,3,7,9
673,Traditional Sales,2018-01-01,ATLANT,(MINSK)XM-4010-000/001,1,0,259,3.5972222222222223,293.3348288174444,-0.030218285795026417,1,4,7,1
674,Traditional Sales,2018-01-01,SNAIGE,R130-1101AA,3,0,114,7.5666666666666655,189.29713318841667,-0.08135298874662421,9,2,7,2
677,Traditional Sales,2018-01-01,BOSCH,KGN39ML3B,4,1,366,4.0,531.3150930346364,0.0316689688435908,2,5,4,7
679,Traditional Sales,2018-01-01,ELENBERG,MRF-429WO,3,1,428,4.786458333333333,491.1986797409167,0.03137074419528523,3,8,2,8
683,Traditional Sales,2018-01-01,BEKO,RCNA295K21W,3,1,266,5.220909090916666,374.39207474841663,0.1585634425711645,3,8,3,8
685,Traditional Sales,2018-01-01,NORD,M 65,3,0,45,6.7,100.88374961269999,0.743000553274491,9,2,7,2
686,Traditional Sales,2018-01-01,BOSCH,KGN49LB30,4,1,435,2.75,1083.1519333559165,0.00034908766545192326,2,6,4,4
687,Traditional Sales,2018-01-01,INDESIT,BIAA 20 (UA),3,0,341,4.277777777777778,303.99904366366667,0.10672590559247522,4,3,7,9
688,Traditional Sales,2018-01-01,LIEBHERR,CNEF 5715,5,1,402,1.8888888888888888,1459.1559245532221,0.0011599407482010284,2,6,4,4
689,Traditional Sales,2018-01-01,BEKO,RCSA330K21S,3,0,295,2.772727272727273,328.8730654381818,-0.05679667331575035,4,3,7,10
691,Traditional Sales,2018-01-01,ATLANT,XM-4424-189 ND,3,1,310,2.1444444444444444,465.7696428093334,-0.001589489814100684,3,8,3,8
693,Traditional Sales,2018-01-01,SAMSUNG,RS55K50A02A/UA,3,1,536,2.5555555555555554,1469.0909994176666,0.00022748935674622066,8,6,2,4
698,Traditional Sales,2018-01-01,CANDY,CCBS 6182 W/1,3,0,305,8.306010101,279.00615625591666,0.01252543255678891,4,4,7,1
699,Traditional Sales,2018-01-01,BOSCH,KGN36NL30U,4,1,302,2.2222222222222223,434.56290380233327,0.010795841319034565,2,8,4,8
705,Traditional Sales,2018-01-01,ATLANT,XM 4425-109 ND,3,1,310,5.608333333333333,463.3448936541667,0.09536913033916404,3,8,3,8
706,Traditional Sales,2018-01-01,GORENJE,NRK6201CW,3,1,339,19.5177025335,458.70517424825,0.22782873078588553,3,8,3,8
709,Traditional Sales,2018-01-01,LIEBHERR,CU 3515,4,0,310,1.7777777777777777,451.5436771903333,-0.01094753700870076,4,8,5,8
710,Traditional Sales,2018-01-01,BOSCH,KGN39AI35,4,1,366,4.311111111111111,896.5148472233333,0.031198860033816653,2,6,4,4
712,Traditional Sales,2018-01-01,LIEBHERR,CNEF 4815,5,1,361,3.033333333333333,1169.5940625442224,-0.009294953633131632,2,6,4,4
714,Traditional Sales,2018-01-01,HAIER,HRF-521DM6,3,1,521,2.8,781.9846888671001,0.011951188027823861,8,6,2,4
718,Traditional Sales,2018-01-01,SNAIGE,RF31SM-S1CI21,3,0,279,2.4333333333,326.91792523879997,0.013591305775120369,4,3,7,10
722,Traditional Sales,2018-01-01,ZANUSSI,ZRX51100WA,3,0,42,9.108333333333333,141.85234926533334,0.4801630596649117,9,2,7,2
724,Traditional Sales,2018-01-01,NORD,NRT 141 030,3,0,260,6.969696969727273,203.4636365741818,0.007910672373086097,4,4,7,1
726,Traditional Sales,2018-01-01,SAMSUNG,RB37J5345SL,4,1,367,1.3333333333333333,668.0401081391111,-0.005348121041611156,2,1,4,6
728,Traditional Sales,2018-01-01,BOSCH,KIS86AF30,4,0,265,2.9818181818181815,1283.0756071761818,0.004810447341286009,2,6,5,4
729,Traditional Sales,2018-01-01,BOSCH,KGN39VI35,4,1,366,9.075000000000001,632.799172515,-0.04801115854294803,2,1,4,6
730,Traditional Sales,2018-01-01,ELECTROLUX,EJ2801AOW2,3,0,259,6.3666571948333335,274.5229449790833,0.11238347714988947,4,4,7,1
731,Traditional Sales,2018-01-01,ZANUSSI,ZUA14020SA,3,0,130,5.61043229525,344.0530572403333,-0.1204910165900446,9,4,7,3
732,Traditional Sales,2018-01-01,GORENJE,R6192LX,4,0,368,1.753668763111111,648.1262249577778,-0.0026242363964347135,4,1,5,6
735,Traditional Sales,2018-01-01,ELECTROLUX,ERT1601AOW3,3,0,150,9.007547169818181,224.0904765983636,0.18776581236177886,9,2,7,3
736,Traditional Sales,2018-01-01,ELECTROLUX,ERT 1501 FOW3,3,0,133,3.6610761705555555,240.90657526066667,0.03004977123708151,9,2,7,3
740,Traditional Sales,2018-01-01,GORENJE,RI2181A1,3,0,301,9.502264572416665,583.5232426616666,0.03696505144319002,4,5,7,7
742,Traditional Sales,2018-01-01,HOTPOINT-ARIS,LH8FF2OCH,4,1,305,4.7975127537999995,444.0176841883,0.11404004546474061,2,8,4,8
745,Traditional Sales,2018-01-01,SAMSUNG,RB37J5010SA,3,1,367,4.388888888888889,497.4041279275555,-0.03178005622079893,3,8,3,8
746,Traditional Sales,2018-01-01,SNAIGE,RF31SM-S1CB21,3,0,279,13.112500000083335,344.93607624825,0.32022176438928024,4,3,7,10
759,Traditional Sales,2018-01-01,HITACHI,R-WB550PUC2 (GS),2,1,455,1.3636363636363635,929.3596730611819,-0.00152389828330524,8,6,2,4
760,Traditional Sales,2018-01-01,WHIRLPOOL,ART 9812,3,0,0,1.9090909090909092,641.6177028760001,0.00015109215616246406,9,1,7,6
763,Traditional Sales,2018-01-01,BOSCH,KGV39VW31,4,0,343,8.933333333333334,420.80980049424994,-0.15152555970602577,4,8,5,10
765,Traditional Sales,2018-01-01,ELECTROLUX,EJ2801AOX2,3,0,265,4.809090909090909,310.7064415177272,0.051123873395000886,4,3,7,9
768,Traditional Sales,2018-01-01,SAMSUNG,RB31HSR2DWW,3,1,306,7.022222222222222,429.3049032148889,-0.02531631754040968,3,8,3,8
770,Traditional Sales,2018-01-01,HITACHI,R-WB550PUC2 (GBW),2,1,430,2.4166666666666665,1040.0384860628333,0.023891735257583212,8,6,2,4
777,Traditional Sales,2018-01-01,ATLANT,XM 6024-180,3,0,342,3.5416666666666665,407.50948904166665,-0.024709715389947196,4,8,7,10
778,Traditional Sales,2018-01-01,ELECTROLUX,ENN92811BW,3,1,277,3.784036144583333,654.648472815,0.010164372643880069,3,1,3,6
780,Traditional Sales,2018-01-01,SNAIGE,RF270-1103AA,3,0,231,5.909090909090909,275.26867324254545,-0.550204315109451,4,4,7,1
785,Traditional Sales,2018-01-01,MIELE,K37222ID,4,0,325,1.6666666666666667,1647.097841232111,-0.0007727254773374523,2,6,5,4
787,Traditional Sales,2018-01-01,LIEBHERR,CTPSL 2541,4,0,231,6.825,321.037414381,0.10332395893719662,4,4,5,1
791,Traditional Sales,2018-01-01,WHIRLPOOL,WBA 4398 NFC IX AQUA,3,1,414,2.2,766.3182931985,-0.0025034521745753236,3,1,2,6
792,Traditional Sales,2018-01-01,ATLANT,XM 4011-100,3,0,306,3.9666666666666663,305.07860744650003,0.04879036434277385,4,3,7,9
794,Traditional Sales,2018-01-01,MIELE,K 37272 ID,4,0,301,3.6666666666666665,1673.4113972668335,0.005584218171469669,2,6,5,4
795,Traditional Sales,2018-01-01,ZANUSSI,ZRT18100WA,3,0,173,7.066666666666666,214.65406632308336,-0.23131332210740566,9,2,7,3
806,Traditional Sales,2018-01-01,SNAIGE,RF34SM-S1DA21,3,0,302,6.625,334.9071909335,0.013928302845312223,4,3,7,10
809,Traditional Sales,2018-01-01,SNAIGE,RF31SM-S1MA21,2,0,279,3.0000826446363633,320.9615897009999,0.038510432953908054,1,3,7,10
818,Traditional Sales,2018-01-01,BEKO,TS190020,3,0,88,7.407030303099999,168.9012075087,0.07319662962592996,9,2,7,2
832,Traditional Sales,2018-01-01,ATLANT,MX-2822,2,0,205,2.7777777777777777,249.09402760477775,0.11258450243557247,1,4,7,1
834,Traditional Sales,2018-01-01,LIBERTY,HRF-360 NX,3,1,338,5.636363636363637,439.32600469418173,0.00017734424136624932,3,8,3,8
835,Traditional Sales,2018-01-01,NORD,B 239 (S),3,0,253,5.1,280.99005639710003,0.12110199738086931,4,4,7,1
836,Traditional Sales,2018-01-01,LIBERTY,HRF-360 NW,3,1,338,3.3909090909090907,419.6446351324546,-0.06076112482295661,3,8,3,10
838,Traditional Sales,2018-01-01,GORENJE,NRK612ORAW-L,4,1,307,1.6,1039.5673183150998,-0.010583325121364345,2,6,4,4
841,Traditional Sales,2018-01-01,PRIME TECHNIC,RTS 1401 M,3,0,212,14.192272727299999,183.3785038409,0.35417719309342993,9,2,7,3
842,Traditional Sales,2018-01-01,SMART,SD100WA 11N TM,2,0,93,50.8000909091,119.28436726340001,1.1068660675212072,9,2,7,2
843,Traditional Sales,2018-01-01,PRIME TECHNIC,RFS 1711 M,3,0,273,3.5545454545454547,254.56391637918185,-0.13774302746557643,4,4,7,1
845,Traditional Sales,2018-01-01,LIBERTY,SSBS-430 SS,3,1,429,2.033333333333333,624.5408203082221,0.008384526619105322,3,5,2,7
852,Traditional Sales,2018-01-01,HITACHI,R-B410PUC6INX,3,1,330,5.909090909090909,540.5342199266362,-0.08135003708990543,3,5,3,7
857,Traditional Sales,2018-01-01,BEKO,RCNA355E21PT,3,1,321,21.927986801,468.4965473781818,-0.10874502738340566,3,8,3,8
864,Traditional Sales,2018-01-01,HITACHI,R-W660PUC3GBE,4,1,550,5.05826923075,1163.1265783803335,-0.03608355512022744,8,6,4,4
870,Traditional Sales,2018-01-01,SAMSUNG,RB30J3000WW / UA,3,1,311,9.857407407444446,450.63112952033333,0.19836467225209214,3,8,3,8
871,Traditional Sales,2018-01-01,BEKO,RCNA320E21W,3,1,287,5.088912143333333,414.95291873316665,0.022783216153638913,3,8,3,8
874,Traditional Sales,2018-01-01,BEKO,RCSA330K20PT,3,0,295,4.111111111111111,326.70216033944445,0.03555126148823687,4,3,7,10
880,Traditional Sales,2018-01-01,BEKO,RCSA300K20W,3,0,291,3.4444444444444446,306.0548108427778,0.027250830135312133,4,3,7,9
894,Traditional Sales,2018-01-01,LIEBHERR,CTN 5215,4,1,418,2.0,718.9804188949166,0.0025663310705714443,2,1,4,6
897,Traditional Sales,2018-01-01,LIEBHERR,CTNEF 5215,4,1,418,1.6666666666666667,823.5142846704446,-0.00011833252704350787,2,6,4,4
904,Traditional Sales,2018-01-01,CANDY,CKBBS 100,3,0,250,3.111111111111111,405.33093874300005,-0.007120989737587173,4,8,7,8
906,Traditional Sales,2018-01-01,SNAIGE,RF300-1801AA,3,0,302,16.007874852454545,260.9264722986363,0.5084581949769796,4,4,7,1
909,Traditional Sales,2018-01-01,ATLANT,XM 4421-109 ND,3,1,285,4.29090909090909,428.05731154200004,-0.027332794731776633,3,8,3,8
923,Traditional Sales,2018-01-01,SNAIGE,RF 34 SM S1CB21,3,0,302,4.1,361.2216970664,0.021448250260375487,4,3,7,10
925,Traditional Sales,2018-01-01,GORENJE,R6192LB,4,0,368,3.6,690.9994876352,-0.008364703372691875,2,1,5,6
931,Traditional Sales,2018-01-01,INDESIT,DF 4161 W,3,1,256,3.7600000000000002,360.9444626631,0.0201162614422539,3,8,3,8
945,Traditional Sales,2018-01-01,SNAIGE,RF34SM-S1CI21,3,0,302,2.1818181818181817,338.4318542600001,0.00811730335521498,4,3,7,10
952,Traditional Sales,2018-01-01,ELECTROLUX,EN93852JW,3,1,357,3.6916666666666664,508.15604412350007,0.018558401075416408,3,5,3,7
975,Traditional Sales,2018-01-01,SHARP,SJ-BA10-IEXW1,3,1,324,4.0636363636363635,451.3006849825455,0.008372059961795169,3,8,3,8
